<?xml version="1.0" encoding="UTF-8"?>
<inputControl exportedWithPermissions="true"><folder>/public/Samples/Resources/Input_Controls</folder><name>SupplyTime</name><version>19</version><label>SupplyTime</label><description></description><creationDate>2014-12-22T13:54:34.084-08:00</creationDate><updateDate>2014-09-22T11:47:55.800-07:00</updateDate><type>6</type><mandatory>true</mandatory><readOnly>false</readOnly><visible>true</visible><listOfValues><uri>/public/Samples/Resources/Input_Controls/SupplyTimeList</uri></listOfValues></inputControl>