<?xml version="1.0" encoding="UTF-8"?>
<adhocDataView exportedWithPermissions="true"><folder>/public/Samples/FreshDelivery_Demo</folder><name>New_Admin_Ad_Hoc_View</name><version>1</version><label>New Admin Ad Hoc View</label><description></description><creationDate>2015-03-25T21:36:09.396-07:00</creationDate><updateDate>2015-03-25T21:36:41.702-07:00</updateDate><dataSource><uri>/organizations/organization_1/Domains/supermartDomain</uri></dataSource><resource><localResource xmlns:xsi="http://www.w3.org/2001/XMLSchema-instance" exportedWithPermissions="false" dataFile="supermart_domain.properties.data" xsi:type="fileResource"><folder>/public/Samples/FreshDelivery_Demo/New_Admin_Ad_Hoc_View_files</folder><name>supermart_domain.properties</name><version>1</version><label>bundle</label><description>bundle</description><creationDate>2015-03-25T21:36:09.396-07:00</creationDate><updateDate>2015-03-25T21:36:09.396-07:00</updateDate><fileType>prop</fileType></localResource></resource><resource><localResource xmlns:xsi="http://www.w3.org/2001/XMLSchema-instance" exportedWithPermissions="false" dataFile="supermart_domain_en_US.properties.data" xsi:type="fileResource"><folder>/public/Samples/FreshDelivery_Demo/New_Admin_Ad_Hoc_View_files</folder><name>supermart_domain_en_US.properties</name><version>1</version><label>bundle</label><description>bundle</description><creationDate>2015-03-25T21:36:09.396-07:00</creationDate><updateDate>2015-03-25T21:36:09.396-07:00</updateDate><fileType>prop</fileType></localResource></resource><resource><localResource xmlns:xsi="http://www.w3.org/2001/XMLSchema-instance" exportedWithPermissions="false" dataFile="supermart_domain_de.properties.data" xsi:type="fileResource"><folder>/public/Samples/FreshDelivery_Demo/New_Admin_Ad_Hoc_View_files</folder><name>supermart_domain_de.properties</name><version>1</version><label>bundle</label><description>bundle</description><creationDate>2015-03-25T21:36:09.396-07:00</creationDate><updateDate>2015-03-25T21:36:09.396-07:00</updateDate><fileType>prop</fileType></localResource></resource><resource><localResource xmlns:xsi="http://www.w3.org/2001/XMLSchema-instance" exportedWithPermissions="false" dataFile="supermart_domain_fr.properties.data" xsi:type="fileResource"><folder>/public/Samples/FreshDelivery_Demo/New_Admin_Ad_Hoc_View_files</folder><name>supermart_domain_fr.properties</name><version>1</version><label>bundle</label><description>bundle</description><creationDate>2015-03-25T21:36:09.396-07:00</creationDate><updateDate>2015-03-25T21:36:09.396-07:00</updateDate><fileType>prop</fileType></localResource></resource><resource><localResource xmlns:xsi="http://www.w3.org/2001/XMLSchema-instance" exportedWithPermissions="false" dataFile="supermart_domain_es.properties.data" xsi:type="fileResource"><folder>/public/Samples/FreshDelivery_Demo/New_Admin_Ad_Hoc_View_files</folder><name>supermart_domain_es.properties</name><version>1</version><label>bundle</label><description>bundle</description><creationDate>2015-03-25T21:36:09.396-07:00</creationDate><updateDate>2015-03-25T21:36:09.396-07:00</updateDate><fileType>prop</fileType></localResource></resource><resource><localResource xmlns:xsi="http://www.w3.org/2001/XMLSchema-instance" exportedWithPermissions="false" dataFile="supermart_domain_ja.properties.data" xsi:type="fileResource"><folder>/public/Samples/FreshDelivery_Demo/New_Admin_Ad_Hoc_View_files</folder><name>supermart_domain_ja.properties</name><version>1</version><label>bundle</label><description>bundle</description><creationDate>2015-03-25T21:36:09.396-07:00</creationDate><updateDate>2015-03-25T21:36:09.396-07:00</updateDate><fileType>prop</fileType></localResource></resource><resource><localResource xmlns:xsi="http://www.w3.org/2001/XMLSchema-instance" exportedWithPermissions="false" dataFile="supermart_domain_zh_CN.properties.data" xsi:type="fileResource"><folder>/public/Samples/FreshDelivery_Demo/New_Admin_Ad_Hoc_View_files</folder><name>supermart_domain_zh_CN.properties</name><version>1</version><label>bundle</label><description>bundle</description><creationDate>2015-03-25T21:36:09.396-07:00</creationDate><updateDate>2015-03-25T21:36:09.396-07:00</updateDate><fileType>prop</fileType></localResource></resource><resource><localResource xmlns:xsi="http://www.w3.org/2001/XMLSchema-instance" exportedWithPermissions="false" dataFile="topicJRXML.data" xsi:type="fileResource"><folder>/public/Samples/FreshDelivery_Demo/New_Admin_Ad_Hoc_View_files</folder><name>topicJRXML</name><version>1</version><label>topicJRXML</label><creationDate>2015-03-25T21:36:09.396-07:00</creationDate><updateDate>2015-03-25T21:36:09.396-07:00</updateDate><fileType>jrxml</fileType></localResource></resource><resource><localResource xmlns:xsi="http://www.w3.org/2001/XMLSchema-instance" exportedWithPermissions="false" dataFile="stateXML.data" xsi:type="fileResource"><folder>/public/Samples/FreshDelivery_Demo/New_Admin_Ad_Hoc_View_files</folder><name>stateXML</name><version>1</version><label>stateXML</label><creationDate>2015-03-25T21:36:09.396-07:00</creationDate><updateDate>2015-03-25T21:36:09.396-07:00</updateDate><fileType>xml</fileType></localResource></resource><alwaysPromptControls>false</alwaysPromptControls><controlsLayout>1</controlsLayout></adhocDataView>