<?xml version="1.0" encoding="UTF-8"?>
<folder exportedWithPermissions="true">
    <parent>/</parent>
    <name>public</name>
    <label>Public</label>
    <description></description>
    <creationDate>2015-12-01T14:40:34.228Z</creationDate>
    <updateDate>2015-11-19T08:58:12.144Z</updateDate>
    <permission>
        <permissionMask>30</permissionMask>
        <recipient recipientType="role">ROLE_DEMO</recipient>
    </permission>
    <permission>
        <permissionMask>2</permissionMask>
        <recipient recipientType="role">ROLE_USER</recipient>
    </permission>
</folder>
