<?xml version="1.0" encoding="UTF-8"?>
<reportUnit exportedWithPermissions="true"><folder>/public/Samples/FreshDelivery_Demo</folder><name>21.7GoGreenMap</name><version>5</version><label>21.7 GoGreen Map</label><description>Go Green Master map report.</description><creationDate>2014-12-05T14:38:08.908-08:00</creationDate><updateDate>2014-10-27T21:56:37.164-07:00</updateDate><mainReport><localResource xmlns:xsi="http://www.w3.org/2001/XMLSchema-instance" exportedWithPermissions="false" dataFile="MainJrxml.data" xsi:type="fileResource"><folder>/public/Samples/FreshDelivery_Demo/21.7GoGreenMap_files</folder><name>MainJrxml</name><version>1</version><label>Main Jrxml</label><description></description><creationDate>2014-12-05T14:38:08.908-08:00</creationDate><updateDate>2014-10-27T21:56:37.036-07:00</updateDate><fileType>jrxml</fileType></localResource></mainReport><dataSource><uri>/public/Samples/Data_Sources/FoodmartDataSourceJNDI</uri></dataSource><alwaysPromptControls>false</alwaysPromptControls><controlsLayout>1</controlsLayout></reportUnit>