<?xml version="1.0" encoding="UTF-8"?>
<reportUnit exportedWithPermissions="true"><folder>/public/Samples/FreshDelivery_Demo</folder><name>HealthyChoiceProducts</name><version>23</version><label>21.4 HealthyChoice Products</label><description>Bubble Chart for HealthyChoice products.</description><creationDate>2014-12-05T14:38:09.340-08:00</creationDate><updateDate>2014-12-05T15:49:16.710-08:00</updateDate><mainReport><localResource xmlns:xsi="http://www.w3.org/2001/XMLSchema-instance" exportedWithPermissions="false" dataFile="MainJrxml.data" xsi:type="fileResource"><folder>/public/Samples/FreshDelivery_Demo/HealthyChoiceProducts_files</folder><name>MainJrxml</name><version>1</version><label>Main Jrxml</label><creationDate>2014-12-05T15:49:16.710-08:00</creationDate><updateDate>2014-12-05T15:49:16.710-08:00</updateDate><fileType>jrxml</fileType></localResource></mainReport><dataSource><uri>/public/Samples/Data_Sources/FoodmartDataSourceJNDI</uri></dataSource><inputControl><uri>/public/Samples/Resources/Input_Controls/SupplyTime</uri></inputControl><inputControlRenderingView></inputControlRenderingView><alwaysPromptControls>true</alwaysPromptControls><controlsLayout>1</controlsLayout></reportUnit>