<?xml version="1.0" encoding="UTF-8"?>
<reportUnit exportedWithPermissions="true"><folder>/public/Samples/FreshDelivery_Demo</folder><name>Internal1</name><version>5</version><label>Internal1</label><description></description><creationDate>2014-12-05T14:38:09.471-08:00</creationDate><updateDate>2014-10-28T23:39:25.335-07:00</updateDate><mainReport><localResource xmlns:xsi="http://www.w3.org/2001/XMLSchema-instance" exportedWithPermissions="false" dataFile="MainJrxml.data" xsi:type="fileResource"><folder>/public/Samples/FreshDelivery_Demo/Internal1_files</folder><name>MainJrxml</name><version>1</version><label>Main Jrxml</label><description></description><creationDate>2014-12-05T14:38:09.471-08:00</creationDate><updateDate>2014-10-28T23:39:25.117-07:00</updateDate><fileType>jrxml</fileType></localResource></mainReport><dataSource><uri>/public/Samples/Data_Sources/FoodmartDataSourceJNDI</uri></dataSource><alwaysPromptControls>false</alwaysPromptControls><controlsLayout>1</controlsLayout></reportUnit>