<?xml version="1.0" encoding="UTF-8"?>
<inputControl exportedWithPermissions="true"><folder>/public/Samples/Resources/Input_Controls</folder><name>SupplyTime</name><version>10</version><label>SupplyTime</label><creationDate>2014-12-05T14:38:09.294-08:00</creationDate><updateDate>2014-12-05T15:49:16.943-08:00</updateDate><type>6</type><mandatory>true</mandatory><readOnly>false</readOnly><visible>true</visible><listOfValues><uri>/public/Samples/Resources/Input_Controls/SupplyTimeList</uri></listOfValues></inputControl>