<?xml version="1.0" encoding="UTF-8"?>
<reportUnit exportedWithPermissions="false">
    <folder>/public/Samples/FreshDelivery_Demo</folder>
    <name>21.6GoGreenTable</name>
    <version>1</version>
    <label>21.6 GoGreen Table</label>
    <description>Go Green slave product table to Go Green chart.</description>
    <creationDate>2018-05-03T16:55:01.546Z</creationDate>
    <updateDate>2018-05-04T23:14:30.100Z</updateDate>
    <mainReport>
        <localResource
            xmlns:xsi="http://www.w3.org/2001/XMLSchema-instance"
            exportedWithPermissions="false" dataFile="MainJrxml.data" xsi:type="fileResource">
            <folder>/public/Samples/FreshDelivery_Demo/21.6GoGreenTable_files</folder>
            <name>MainJrxml</name>
            <version>0</version>
            <label>Main Jrxml</label>
            <description></description>
            <creationDate>2018-05-03T16:55:01.546Z</creationDate>
            <updateDate>2014-08-08T08:59:31.599Z</updateDate>
            <fileType>jrxml</fileType>
        </localResource>
    </mainReport>
    <dataSource>
        <uri>/public/Samples/Data_Sources/FoodmartDataSourceJNDI</uri>
    </dataSource>
    <inputControl>
        <localResource
            xmlns:xsi="http://www.w3.org/2001/XMLSchema-instance"
            exportedWithPermissions="false" xsi:type="inputControl">
            <folder>/public/Samples/FreshDelivery_Demo/21.6GoGreenTable_files</folder>
            <name>department</name>
            <version>1</version>
            <label>department</label>
            <description></description>
            <creationDate>2018-05-03T16:55:01.546Z</creationDate>
            <updateDate>2014-08-08T08:59:31.599Z</updateDate>
            <type>2</type>
            <mandatory>false</mandatory>
            <readOnly>false</readOnly>
            <visible>true</visible>
            <dataType>
                <localResource exportedWithPermissions="false" xsi:type="dataType">
                    <folder>/public/Samples/FreshDelivery_Demo/21.6GoGreenTable_files/department_files</folder>
                    <name>DataType</name>
                    <version>0</version>
                    <label>DataType</label>
                    <description></description>
                    <creationDate>2018-05-03T16:55:01.546Z</creationDate>
                    <updateDate>2014-08-08T08:59:31.599Z</updateDate>
                    <type>1</type>
                    <strictMin>false</strictMin>
                    <strictMax>false</strictMax>
                </localResource>
            </dataType>
        </localResource>
    </inputControl>
    <alwaysPromptControls>false</alwaysPromptControls>
    <controlsLayout>1</controlsLayout>
    <dataSnapshotMetadata>
        <snapshotDate>2018-05-04T23:14:29.723Z</snapshotDate>
        <parameter>
            <key xmlns:xsi="http://www.w3.org/2001/XMLSchema-instance"
                xmlns:java="http://java.sun.com" xsi:type="java:java.lang.String">department</key>
            <value xmlns:xsi="http://www.w3.org/2001/XMLSchema-instance"
                xmlns:java="http://java.sun.com" xsi:type="java:java.lang.String">Produce</value>
            <valueType>single</valueType>
        </parameter>
    </dataSnapshotMetadata>
</reportUnit>
