<?xml version="1.0" encoding="UTF-8"?>
<reportUnit exportedWithPermissions="false">
    <folder>/public/Samples/FreshDelivery_Demo</folder>
    <name>21.7GoGreenMap</name>
    <version>1</version>
    <label>21.7 GoGreen Map</label>
    <description>Go Green Master map report.</description>
    <creationDate>2018-05-03T16:55:04.161Z</creationDate>
    <updateDate>2018-05-04T23:14:29.429Z</updateDate>
    <mainReport>
        <localResource
            xmlns:xsi="http://www.w3.org/2001/XMLSchema-instance"
            exportedWithPermissions="false" dataFile="MainJrxml.data" xsi:type="fileResource">
            <folder>/public/Samples/FreshDelivery_Demo/21.7GoGreenMap_files</folder>
            <name>MainJrxml</name>
            <version>0</version>
            <label>Main Jrxml</label>
            <description></description>
            <creationDate>2018-05-03T16:55:04.161Z</creationDate>
            <updateDate>2016-09-13T03:27:26.145Z</updateDate>
            <fileType>jrxml</fileType>
        </localResource>
    </mainReport>
    <dataSource>
        <uri>/public/Samples/Data_Sources/FoodmartDataSourceJNDI</uri>
    </dataSource>
    <alwaysPromptControls>false</alwaysPromptControls>
    <controlsLayout>1</controlsLayout>
    <dataSnapshotMetadata>
        <snapshotDate>2018-05-04T23:14:29.302Z</snapshotDate>
    </dataSnapshotMetadata>
</reportUnit>
