<?xml version="1.0" encoding="UTF-8"?>
<reportUnit exportedWithPermissions="false">
    <folder>/public/Samples/FreshDelivery_Demo</folder>
    <name>21.7a_GoGreen_Tibco_Map</name>
    <version>1</version>
    <label>21.7a GoGreen Tibco Map</label>
    <description></description>
    <creationDate>2018-05-03T16:55:03.280Z</creationDate>
    <updateDate>2018-05-31T06:27:38.385Z</updateDate>
    <mainReport>
        <localResource
            xmlns:xsi="http://www.w3.org/2001/XMLSchema-instance"
            exportedWithPermissions="false" dataFile="main_jrxml.data" xsi:type="fileResource">
            <folder>/public/Samples/FreshDelivery_Demo/21.7a_GoGreen_Tibco_Map_files</folder>
            <name>main_jrxml</name>
            <version>0</version>
            <label>Main jrxml</label>
            <creationDate>2018-05-03T16:55:03.280Z</creationDate>
            <updateDate>2016-06-07T09:03:27.874Z</updateDate>
            <fileType>jrxml</fileType>
        </localResource>
    </mainReport>
    <dataSource>
        <uri>/public/Samples/Data_Sources/FoodmartDataSourceJNDI</uri>
    </dataSource>
    <alwaysPromptControls>true</alwaysPromptControls>
    <controlsLayout>1</controlsLayout>
    <dataSnapshotMetadata>
        <snapshotDate>2018-05-31T06:27:38.314Z</snapshotDate>
    </dataSnapshotMetadata>
</reportUnit>
