<?xml version="1.0" encoding="UTF-8"?>
<dashboardModelResource exportedWithPermissions="false">
    <folder>/public/Samples/FreshDelivery_Demo</folder>
    <name>22.0_Blank_Starting_Dashboard</name>
    <version>0</version>
    <label>22.0 Blank Starting Dashboard</label>
    <description>Starting Dashboard for demonstration purposes - showing ad hoc dashlet(s) creation.</description>
    <creationDate>2018-05-03T16:55:06.468Z</creationDate>
    <updateDate>2015-06-16T08:01:54.252Z</updateDate>
    <defaultFoundation>default</defaultFoundation>
    <foundation>
        <id>default</id>
        <layout>layout</layout>
        <wiring>wiring</wiring>
        <components>components</components>
    </foundation>
    <resourceDescriptor>
        <type>wiring</type>
        <id>wiring</id>
    </resourceDescriptor>
    <resourceDescriptor>
        <type>layout</type>
        <id>layout</id>
    </resourceDescriptor>
    <resourceDescriptor>
        <type>components</type>
        <id>components</id>
    </resourceDescriptor>
    <resource>
        <localResource
            xmlns:xsi="http://www.w3.org/2001/XMLSchema-instance"
            exportedWithPermissions="false" dataFile="wiring.data" xsi:type="fileResource">
            <folder>/public/Samples/FreshDelivery_Demo/22.0_Blank_Starting_Dashboard_files</folder>
            <name>wiring</name>
            <version>0</version>
            <label>wiring</label>
            <creationDate>2018-05-03T16:55:06.468Z</creationDate>
            <updateDate>2015-06-16T08:01:54.252Z</updateDate>
            <fileType>json</fileType>
        </localResource>
    </resource>
    <resource>
        <localResource
            xmlns:xsi="http://www.w3.org/2001/XMLSchema-instance"
            exportedWithPermissions="false" dataFile="layout" xsi:type="contentResource">
            <folder>/public/Samples/FreshDelivery_Demo/22.0_Blank_Starting_Dashboard_files</folder>
            <name>layout</name>
            <version>0</version>
            <label>layout</label>
            <creationDate>2018-05-03T16:55:06.468Z</creationDate>
            <updateDate>2015-06-16T08:01:54.252Z</updateDate>
            <fileType>html</fileType>
        </localResource>
    </resource>
    <resource>
        <localResource
            xmlns:xsi="http://www.w3.org/2001/XMLSchema-instance"
            exportedWithPermissions="false" dataFile="components.data" xsi:type="fileResource">
            <folder>/public/Samples/FreshDelivery_Demo/22.0_Blank_Starting_Dashboard_files</folder>
            <name>components</name>
            <version>0</version>
            <label>components</label>
            <creationDate>2018-05-03T16:55:06.468Z</creationDate>
            <updateDate>2015-06-16T08:01:54.252Z</updateDate>
            <fileType>dashboardComponent</fileType>
        </localResource>
    </resource>
</dashboardModelResource>
