<?xml version="1.0" encoding="UTF-8"?>
<dashboardModelResource exportedWithPermissions="false">
    <folder>/public/Samples/FreshDelivery_Demo</folder>
    <name>Admin_Inventory_Dashboard</name>
    <version>7</version>
    <label>Inventory Dashboard</label>
    <description>FreshDelivery admin dashboard containing Inventory related data and a hidden filter for country for input controls in embedded Visualize.js demo.</description>
    <creationDate>2018-05-03T16:55:23.351Z</creationDate>
    <updateDate>2018-05-07T02:12:55.971Z</updateDate>
    <defaultFoundation>default</defaultFoundation>
    <foundation>
        <id>default</id>
        <layout>layout</layout>
        <wiring>wiring</wiring>
        <components>components</components>
    </foundation>
    <resourceDescriptor>
        <type>wiring</type>
        <id>wiring</id>
    </resourceDescriptor>
    <resourceDescriptor>
        <type>layout</type>
        <id>layout</id>
    </resourceDescriptor>
    <resourceDescriptor>
        <type>components</type>
        <id>components</id>
    </resourceDescriptor>
    <resourceDescriptor>
        <type>adhocDataView</type>
        <id>/public/adhoc/Units_Shipped_by_District___Fresh_Produce_Brands</id>
    </resourceDescriptor>
    <resourceDescriptor>
        <type>adhocDataView</type>
        <id>/public/adhoc/Units_Ordered_by_District___Fresh_Produce_Brands2</id>
    </resourceDescriptor>
    <resourceDescriptor>
        <type>adhocDataView</type>
        <id>/temp/tmpAdv_1414793849592_bhzw</id>
    </resourceDescriptor>
    <resourceDescriptor>
        <type>adhocDataView</type>
        <id>/temp/tmpAdv_1414794373505_jpca</id>
    </resourceDescriptor>
    <resourceDescriptor>
        <type>adhocDataView</type>
        <id>/temp/tmpAdv_1419229481452_oktu</id>
    </resourceDescriptor>
    <resourceDescriptor>
        <type>inputControl</type>
        <id>/public/Samples/FreshDelivery_Demo/Admin_Inventory_Dashboard_files/tmpAdv_1414793849592_bhzw_files/inv_store__store_contact__store_country_1</id>
    </resourceDescriptor>
    <resource>
        <localResource
            xmlns:xsi="http://www.w3.org/2001/XMLSchema-instance"
            exportedWithPermissions="false" dataFile="wiring.data" xsi:type="fileResource">
            <folder>/public/Samples/FreshDelivery_Demo/Admin_Inventory_Dashboard_files</folder>
            <name>wiring</name>
            <version>1</version>
            <label>wiring</label>
            <creationDate>2018-05-07T02:12:55.971Z</creationDate>
            <updateDate>2018-05-07T02:12:55.971Z</updateDate>
            <fileType>json</fileType>
        </localResource>
    </resource>
    <resource>
        <localResource
            xmlns:xsi="http://www.w3.org/2001/XMLSchema-instance"
            exportedWithPermissions="false" dataFile="layout" xsi:type="contentResource">
            <folder>/public/Samples/FreshDelivery_Demo/Admin_Inventory_Dashboard_files</folder>
            <name>layout</name>
            <version>1</version>
            <label>layout</label>
            <creationDate>2018-05-07T02:12:55.971Z</creationDate>
            <updateDate>2018-05-07T02:12:55.971Z</updateDate>
            <fileType>html</fileType>
        </localResource>
    </resource>
    <resource>
        <localResource
            xmlns:xsi="http://www.w3.org/2001/XMLSchema-instance"
            exportedWithPermissions="false" dataFile="components.data" xsi:type="fileResource">
            <folder>/public/Samples/FreshDelivery_Demo/Admin_Inventory_Dashboard_files</folder>
            <name>components</name>
            <version>1</version>
            <label>components</label>
            <creationDate>2018-05-07T02:12:55.971Z</creationDate>
            <updateDate>2018-05-07T02:12:55.971Z</updateDate>
            <fileType>dashboardComponent</fileType>
        </localResource>
    </resource>
    <resource>
        <uri>/public/adhoc/Units_Shipped_by_District___Fresh_Produce_Brands</uri>
    </resource>
    <resource>
        <uri>/public/adhoc/Units_Ordered_by_District___Fresh_Produce_Brands2</uri>
    </resource>
    <resource>
        <localResource
            xmlns:xsi="http://www.w3.org/2001/XMLSchema-instance"
            exportedWithPermissions="false" xsi:type="adhocDataView">
            <folder>/public/Samples/FreshDelivery_Demo/Admin_Inventory_Dashboard_files</folder>
            <name>tmpAdv_1414793849592_bhzw</name>
            <version>1</version>
            <label>tmpAdv_1414793849592_bhzw</label>
            <description>Dashboard visualization.</description>
            <creationDate>2018-05-07T02:12:55.971Z</creationDate>
            <updateDate>2018-05-07T02:12:55.971Z</updateDate>
            <dataSource>
                <uri>/public/Samples/Domains/supermartDomain</uri>
            </dataSource>
            <inputControl>
                <localResource exportedWithPermissions="false" xsi:type="inputControl">
                    <folder>/public/Samples/FreshDelivery_Demo/Admin_Inventory_Dashboard_files/tmpAdv_1414793849592_bhzw_files</folder>
                    <name>inventory_fact_ALL__warehouse_sales_2013_1</name>
                    <version>0</version>
                    <label>$R{supermart.inventory_fact_2013.warehouse_sales.label} is greater than</label>
                    <creationDate>2018-05-07T02:12:55.971Z</creationDate>
                    <updateDate>2018-05-07T02:12:55.971Z</updateDate>
                    <type>2</type>
                    <mandatory>false</mandatory>
                    <readOnly>false</readOnly>
                    <visible>true</visible>
                    <dataType>
                        <localResource exportedWithPermissions="false" xsi:type="dataType">
                            <folder>/public/Samples/FreshDelivery_Demo/Admin_Inventory_Dashboard_files/tmpAdv_1414793849592_bhzw_files/inventory_fact_ALL__warehouse_sales_2013_1_files</folder>
                            <name>number</name>
                            <version>0</version>
                            <label>Number</label>
                            <creationDate>2018-05-07T02:12:55.971Z</creationDate>
                            <updateDate>2018-05-07T02:12:55.971Z</updateDate>
                            <type>2</type>
                            <strictMin>false</strictMin>
                            <strictMax>false</strictMax>
                        </localResource>
                    </dataType>
                </localResource>
            </inputControl>
            <inputControl>
                <localResource exportedWithPermissions="false" xsi:type="inputControl">
                    <folder>/public/Samples/FreshDelivery_Demo/Admin_Inventory_Dashboard_files/tmpAdv_1414793849592_bhzw_files</folder>
                    <name>inv_store__store_contact__store_country_1</name>
                    <version>0</version>
                    <label>$R{supermart.store.store_country.label}</label>
                    <creationDate>2018-05-07T02:12:55.971Z</creationDate>
                    <updateDate>2018-05-07T02:12:55.971Z</updateDate>
                    <type>7</type>
                    <mandatory>false</mandatory>
                    <readOnly>false</readOnly>
                    <visible>true</visible>
                    <query>
                        <localResource exportedWithPermissions="false" xsi:type="query">
                            <folder>/public/Samples/FreshDelivery_Demo/Admin_Inventory_Dashboard_files/tmpAdv_1414793849592_bhzw_files/inv_store__store_contact__store_country_1_files</folder>
                            <name>inv_store__store_contact__store_country_1</name>
                            <version>0</version>
                            <label>$R{supermart.store.store_country.label}</label>
                            <creationDate>2018-05-07T02:12:55.971Z</creationDate>
                            <updateDate>2018-05-07T02:12:55.971Z</updateDate>
                            <language>domain</language>
                            <queryString>&lt;?xml version="1.0" encoding="UTF-8"?&gt;
&lt;query xmlns="http://www.jaspersoft.com/2007/SL/XMLSchema"&gt;
  &lt;groupList&gt;
    &lt;group columnName="inventory_fact_ALL.inv_store.inv_store__store_contact.inv_store__store_contact__store_country" /&gt;
  &lt;/groupList&gt;
  &lt;queryFields&gt;
    &lt;queryField id="store2.store_country" /&gt;
    &lt;queryField id="inventory_fact_ALL.inv_store.inv_store__store_contact.inv_store__store_contact__store_country" /&gt;
  &lt;/queryFields&gt;
&lt;/query&gt;

</queryString>
                            <dataSource>
                                <uri>/public/Samples/Domains/supermartDomain</uri>
                            </dataSource>
                        </localResource>
                    </query>
                    <queryVisibleColumn>inventory_fact_ALL.inv_store.inv_store__store_contact.inv_store__store_contact__store_country</queryVisibleColumn>
                    <queryValueColumn>inventory_fact_ALL.inv_store.inv_store__store_contact.inv_store__store_contact__store_country</queryValueColumn>
                </localResource>
            </inputControl>
            <resource>
                <localResource exportedWithPermissions="false"
                    dataFile="supermart_domain.properties.data" xsi:type="fileResource">
                    <folder>/public/Samples/FreshDelivery_Demo/Admin_Inventory_Dashboard_files/tmpAdv_1414793849592_bhzw_files</folder>
                    <name>supermart_domain.properties</name>
                    <version>0</version>
                    <label>bundle</label>
                    <description>bundle</description>
                    <creationDate>2018-05-07T02:12:55.971Z</creationDate>
                    <updateDate>2018-05-07T02:12:55.971Z</updateDate>
                    <fileType>prop</fileType>
                </localResource>
            </resource>
            <resource>
                <localResource exportedWithPermissions="false"
                    dataFile="supermart_domain_en_US.properties.data" xsi:type="fileResource">
                    <folder>/public/Samples/FreshDelivery_Demo/Admin_Inventory_Dashboard_files/tmpAdv_1414793849592_bhzw_files</folder>
                    <name>supermart_domain_en_US.properties</name>
                    <version>0</version>
                    <label>bundle</label>
                    <description>bundle</description>
                    <creationDate>2018-05-07T02:12:55.971Z</creationDate>
                    <updateDate>2018-05-07T02:12:55.971Z</updateDate>
                    <fileType>prop</fileType>
                </localResource>
            </resource>
            <resource>
                <localResource exportedWithPermissions="false"
                    dataFile="supermart_domain_es.properties.data" xsi:type="fileResource">
                    <folder>/public/Samples/FreshDelivery_Demo/Admin_Inventory_Dashboard_files/tmpAdv_1414793849592_bhzw_files</folder>
                    <name>supermart_domain_es.properties</name>
                    <version>0</version>
                    <label>bundle</label>
                    <description>bundle</description>
                    <creationDate>2018-05-07T02:12:55.971Z</creationDate>
                    <updateDate>2018-05-07T02:12:55.971Z</updateDate>
                    <fileType>prop</fileType>
                </localResource>
            </resource>
            <resource>
                <localResource exportedWithPermissions="false"
                    dataFile="supermart_domain_fr.properties.data" xsi:type="fileResource">
                    <folder>/public/Samples/FreshDelivery_Demo/Admin_Inventory_Dashboard_files/tmpAdv_1414793849592_bhzw_files</folder>
                    <name>supermart_domain_fr.properties</name>
                    <version>0</version>
                    <label>bundle</label>
                    <description>bundle</description>
                    <creationDate>2018-05-07T02:12:55.971Z</creationDate>
                    <updateDate>2018-05-07T02:12:55.971Z</updateDate>
                    <fileType>prop</fileType>
                </localResource>
            </resource>
            <resource>
                <localResource exportedWithPermissions="false"
                    dataFile="supermart_domain_ja.properties.data" xsi:type="fileResource">
                    <folder>/public/Samples/FreshDelivery_Demo/Admin_Inventory_Dashboard_files/tmpAdv_1414793849592_bhzw_files</folder>
                    <name>supermart_domain_ja.properties</name>
                    <version>0</version>
                    <label>bundle</label>
                    <description>bundle</description>
                    <creationDate>2018-05-07T02:12:55.971Z</creationDate>
                    <updateDate>2018-05-07T02:12:55.971Z</updateDate>
                    <fileType>prop</fileType>
                </localResource>
            </resource>
            <resource>
                <localResource exportedWithPermissions="false"
                    dataFile="supermart_domain_zh_CN.properties.data" xsi:type="fileResource">
                    <folder>/public/Samples/FreshDelivery_Demo/Admin_Inventory_Dashboard_files/tmpAdv_1414793849592_bhzw_files</folder>
                    <name>supermart_domain_zh_CN.properties</name>
                    <version>0</version>
                    <label>bundle</label>
                    <description>bundle</description>
                    <creationDate>2018-05-07T02:12:55.971Z</creationDate>
                    <updateDate>2018-05-07T02:12:55.971Z</updateDate>
                    <fileType>prop</fileType>
                </localResource>
            </resource>
            <resource>
                <localResource exportedWithPermissions="false"
                    dataFile="supermart_domain_de.properties.data" xsi:type="fileResource">
                    <folder>/public/Samples/FreshDelivery_Demo/Admin_Inventory_Dashboard_files/tmpAdv_1414793849592_bhzw_files</folder>
                    <name>supermart_domain_de.properties</name>
                    <version>0</version>
                    <label>bundle</label>
                    <description>bundle</description>
                    <creationDate>2018-05-07T02:12:55.971Z</creationDate>
                    <updateDate>2018-05-07T02:12:55.971Z</updateDate>
                    <fileType>prop</fileType>
                </localResource>
            </resource>
            <resource>
                <localResource exportedWithPermissions="false"
                    dataFile="topicJRXML.data" xsi:type="fileResource">
                    <folder>/public/Samples/FreshDelivery_Demo/Admin_Inventory_Dashboard_files/tmpAdv_1414793849592_bhzw_files</folder>
                    <name>topicJRXML</name>
                    <version>0</version>
                    <label>topicJRXML</label>
                    <creationDate>2018-05-07T02:12:55.971Z</creationDate>
                    <updateDate>2018-05-07T02:12:55.971Z</updateDate>
                    <fileType>jrxml</fileType>
                </localResource>
            </resource>
            <resource>
                <localResource exportedWithPermissions="false"
                    dataFile="stateXML.data" xsi:type="fileResource">
                    <folder>/public/Samples/FreshDelivery_Demo/Admin_Inventory_Dashboard_files/tmpAdv_1414793849592_bhzw_files</folder>
                    <name>stateXML</name>
                    <version>0</version>
                    <label>stateXML</label>
                    <creationDate>2018-05-07T02:12:55.971Z</creationDate>
                    <updateDate>2018-05-07T02:12:55.971Z</updateDate>
                    <fileType>xml</fileType>
                </localResource>
            </resource>
            <reports>
                <localResource exportedWithPermissions="false" xsi:type="reportUnit">
                    <folder>/public/Samples/FreshDelivery_Demo/Admin_Inventory_Dashboard_files/tmpAdv_1414793849592_bhzw_files</folder>
                    <name>dashboardReport</name>
                    <version>2</version>
                    <label>dashboardReport</label>
                    <creationDate>2018-05-07T02:12:55.971Z</creationDate>
                    <updateDate>2018-05-07T02:13:48.973Z</updateDate>
                    <mainReport>
                        <localResource exportedWithPermissions="false"
                            dataFile="mainReportJrxml.data" xsi:type="fileResource">
                            <folder>/public/Samples/FreshDelivery_Demo/Admin_Inventory_Dashboard_files/tmpAdv_1414793849592_bhzw_files/dashboardReport_files</folder>
                            <name>mainReportJrxml</name>
                            <version>0</version>
                            <label>mainReportJrxml</label>
                            <creationDate>2018-05-07T02:12:55.971Z</creationDate>
                            <updateDate>2018-05-07T02:12:55.971Z</updateDate>
                            <fileType>jrxml</fileType>
                        </localResource>
                    </mainReport>
                    <resource>
                        <localResource exportedWithPermissions="false"
                            dataFile="supermart_domain.properties.data" xsi:type="fileResource">
                            <folder>/public/Samples/FreshDelivery_Demo/Admin_Inventory_Dashboard_files/tmpAdv_1414793849592_bhzw_files/dashboardReport_files</folder>
                            <name>supermart_domain.properties</name>
                            <version>0</version>
                            <label>bundle</label>
                            <description>bundle</description>
                            <creationDate>2018-05-07T02:12:55.971Z</creationDate>
                            <updateDate>2018-05-07T02:12:55.971Z</updateDate>
                            <fileType>prop</fileType>
                        </localResource>
                    </resource>
                    <resource>
                        <localResource exportedWithPermissions="false"
                            dataFile="supermart_domain_en_US.properties.data" xsi:type="fileResource">
                            <folder>/public/Samples/FreshDelivery_Demo/Admin_Inventory_Dashboard_files/tmpAdv_1414793849592_bhzw_files/dashboardReport_files</folder>
                            <name>supermart_domain_en_US.properties</name>
                            <version>0</version>
                            <label>bundle</label>
                            <description>bundle</description>
                            <creationDate>2018-05-07T02:12:55.971Z</creationDate>
                            <updateDate>2018-05-07T02:12:55.971Z</updateDate>
                            <fileType>prop</fileType>
                        </localResource>
                    </resource>
                    <resource>
                        <localResource exportedWithPermissions="false"
                            dataFile="supermart_domain_es.properties.data" xsi:type="fileResource">
                            <folder>/public/Samples/FreshDelivery_Demo/Admin_Inventory_Dashboard_files/tmpAdv_1414793849592_bhzw_files/dashboardReport_files</folder>
                            <name>supermart_domain_es.properties</name>
                            <version>0</version>
                            <label>bundle</label>
                            <description>bundle</description>
                            <creationDate>2018-05-07T02:12:55.971Z</creationDate>
                            <updateDate>2018-05-07T02:12:55.971Z</updateDate>
                            <fileType>prop</fileType>
                        </localResource>
                    </resource>
                    <resource>
                        <localResource exportedWithPermissions="false"
                            dataFile="supermart_domain_fr.properties.data" xsi:type="fileResource">
                            <folder>/public/Samples/FreshDelivery_Demo/Admin_Inventory_Dashboard_files/tmpAdv_1414793849592_bhzw_files/dashboardReport_files</folder>
                            <name>supermart_domain_fr.properties</name>
                            <version>0</version>
                            <label>bundle</label>
                            <description>bundle</description>
                            <creationDate>2018-05-07T02:12:55.971Z</creationDate>
                            <updateDate>2018-05-07T02:12:55.971Z</updateDate>
                            <fileType>prop</fileType>
                        </localResource>
                    </resource>
                    <resource>
                        <localResource exportedWithPermissions="false"
                            dataFile="supermart_domain_ja.properties.data" xsi:type="fileResource">
                            <folder>/public/Samples/FreshDelivery_Demo/Admin_Inventory_Dashboard_files/tmpAdv_1414793849592_bhzw_files/dashboardReport_files</folder>
                            <name>supermart_domain_ja.properties</name>
                            <version>0</version>
                            <label>bundle</label>
                            <description>bundle</description>
                            <creationDate>2018-05-07T02:12:55.971Z</creationDate>
                            <updateDate>2018-05-07T02:12:55.971Z</updateDate>
                            <fileType>prop</fileType>
                        </localResource>
                    </resource>
                    <resource>
                        <localResource exportedWithPermissions="false"
                            dataFile="supermart_domain_zh_CN.properties.data" xsi:type="fileResource">
                            <folder>/public/Samples/FreshDelivery_Demo/Admin_Inventory_Dashboard_files/tmpAdv_1414793849592_bhzw_files/dashboardReport_files</folder>
                            <name>supermart_domain_zh_CN.properties</name>
                            <version>0</version>
                            <label>bundle</label>
                            <description>bundle</description>
                            <creationDate>2018-05-07T02:12:55.971Z</creationDate>
                            <updateDate>2018-05-07T02:12:55.971Z</updateDate>
                            <fileType>prop</fileType>
                        </localResource>
                    </resource>
                    <resource>
                        <localResource exportedWithPermissions="false"
                            dataFile="supermart_domain_de.properties.data" xsi:type="fileResource">
                            <folder>/public/Samples/FreshDelivery_Demo/Admin_Inventory_Dashboard_files/tmpAdv_1414793849592_bhzw_files/dashboardReport_files</folder>
                            <name>supermart_domain_de.properties</name>
                            <version>0</version>
                            <label>bundle</label>
                            <description>bundle</description>
                            <creationDate>2018-05-07T02:12:55.971Z</creationDate>
                            <updateDate>2018-05-07T02:12:55.971Z</updateDate>
                            <fileType>prop</fileType>
                        </localResource>
                    </resource>
                    <resource>
                        <localResource exportedWithPermissions="false"
                            dataFile="stateXML.data" xsi:type="fileResource">
                            <folder>/public/Samples/FreshDelivery_Demo/Admin_Inventory_Dashboard_files/tmpAdv_1414793849592_bhzw_files/dashboardReport_files</folder>
                            <name>stateXML</name>
                            <version>0</version>
                            <label>stateXML</label>
                            <creationDate>2018-05-07T02:12:55.971Z</creationDate>
                            <updateDate>2018-05-07T02:12:55.971Z</updateDate>
                            <fileType>xml</fileType>
                        </localResource>
                    </resource>
                    <alwaysPromptControls>false</alwaysPromptControls>
                    <controlsLayout>1</controlsLayout>
                    <dataSnapshotMetadata>
                        <snapshotDate>2018-05-07T02:13:46.837Z</snapshotDate>
                        <parameter>
                            <key xmlns:java="http://java.sun.com" xsi:type="java:java.lang.String">inventory_fact_ALL__warehouse_sales_2013_1</key>
                            <value xmlns:java="http://java.sun.com" xsi:type="java:java.math.BigDecimal">175</value>
                            <valueType>single</valueType>
                        </parameter>
                        <parameter>
                            <key xmlns:java="http://java.sun.com" xsi:type="java:java.lang.String">_AdHocChartType</key>
                            <value xmlns:java="http://java.sun.com" xsi:type="java:java.lang.String">stacked_bar</value>
                            <valueType>single</valueType>
                        </parameter>
                        <parameter>
                            <key xmlns:java="http://java.sun.com" xsi:type="java:java.lang.String">_AdHocTableFlattenedDS</key>
                            <value xmlns:java="http://java.sun.com" xsi:type="java:java.lang.Boolean">false</value>
                            <valueType>single</valueType>
                        </parameter>
                        <parameter>
                            <key xmlns:java="http://java.sun.com" xsi:type="java:java.lang.String">inv_store__store_contact__store_country_1</key>
                            <value xmlns:java="http://java.sun.com" xsi:type="java:java.lang.String">Canada</value>
                            <value xmlns:java="http://java.sun.com" xsi:type="java:java.lang.String">Mexico</value>
                            <value xmlns:java="http://java.sun.com" xsi:type="java:java.lang.String">USA</value>
                        </parameter>
                    </dataSnapshotMetadata>
                </localResource>
            </reports>
            <alwaysPromptControls>false</alwaysPromptControls>
            <controlsLayout>1</controlsLayout>
        </localResource>
    </resource>
    <resource>
        <localResource
            xmlns:xsi="http://www.w3.org/2001/XMLSchema-instance"
            exportedWithPermissions="false" xsi:type="adhocDataView">
            <folder>/public/Samples/FreshDelivery_Demo/Admin_Inventory_Dashboard_files</folder>
            <name>tmpAdv_1414794373505_jpca</name>
            <version>1</version>
            <label>tmpAdv_1414794373505_jpca</label>
            <description>Dashboard visualization.</description>
            <creationDate>2018-05-07T02:12:55.971Z</creationDate>
            <updateDate>2018-05-07T02:12:55.971Z</updateDate>
            <dataSource>
                <uri>/public/Samples/Domains/supermartDomain</uri>
            </dataSource>
            <inputControl>
                <localResource exportedWithPermissions="false" xsi:type="inputControl">
                    <folder>/public/Samples/FreshDelivery_Demo/Admin_Inventory_Dashboard_files/tmpAdv_1414794373505_jpca_files</folder>
                    <name>inv_store__region__sales_country_1</name>
                    <version>0</version>
                    <label>$R{supermart.region.sales_country.label}</label>
                    <creationDate>2018-05-07T02:12:55.971Z</creationDate>
                    <updateDate>2018-05-07T02:12:55.971Z</updateDate>
                    <type>7</type>
                    <mandatory>false</mandatory>
                    <readOnly>false</readOnly>
                    <visible>true</visible>
                    <query>
                        <localResource exportedWithPermissions="false" xsi:type="query">
                            <folder>/public/Samples/FreshDelivery_Demo/Admin_Inventory_Dashboard_files/tmpAdv_1414794373505_jpca_files/inv_store__region__sales_country_1_files</folder>
                            <name>inv_store__region__sales_country_1</name>
                            <version>0</version>
                            <label>$R{supermart.region.sales_country.label}</label>
                            <creationDate>2018-05-07T02:12:55.971Z</creationDate>
                            <updateDate>2018-05-07T02:12:55.971Z</updateDate>
                            <language>domain</language>
                            <queryString>&lt;?xml version="1.0" encoding="UTF-8"?&gt;
&lt;query xmlns="http://www.jaspersoft.com/2007/SL/XMLSchema"&gt;
  &lt;groupList&gt;
    &lt;group columnName="inventory_fact_ALL.inv_store.inv_store__region.inv_store__region__sales_country" /&gt;
  &lt;/groupList&gt;
  &lt;queryFields&gt;
    &lt;queryField id="inventory_fact_ALL.inv_store.inv_store__region.inv_store__region__sales_country" /&gt;
    &lt;queryField id="region2.sales_country" /&gt;
  &lt;/queryFields&gt;
&lt;/query&gt;

</queryString>
                            <dataSource>
                                <uri>/public/Samples/Domains/supermartDomain</uri>
                            </dataSource>
                        </localResource>
                    </query>
                    <queryVisibleColumn>inventory_fact_ALL.inv_store.inv_store__region.inv_store__region__sales_country</queryVisibleColumn>
                    <queryValueColumn>inventory_fact_ALL.inv_store.inv_store__region.inv_store__region__sales_country</queryValueColumn>
                </localResource>
            </inputControl>
            <inputControl>
                <localResource exportedWithPermissions="false" xsi:type="inputControl">
                    <folder>/public/Samples/FreshDelivery_Demo/Admin_Inventory_Dashboard_files/tmpAdv_1414794373505_jpca_files</folder>
                    <name>inventory_fact_ALL__supply_time_2013_1</name>
                    <version>0</version>
                    <label>$R{supermart.inventory_fact_2013.supply_time.label}</label>
                    <creationDate>2018-05-07T02:12:55.971Z</creationDate>
                    <updateDate>2018-05-07T02:12:55.971Z</updateDate>
                    <type>2</type>
                    <mandatory>false</mandatory>
                    <readOnly>false</readOnly>
                    <visible>true</visible>
                    <dataType>
                        <localResource exportedWithPermissions="false" xsi:type="dataType">
                            <folder>/public/Samples/FreshDelivery_Demo/Admin_Inventory_Dashboard_files/tmpAdv_1414794373505_jpca_files/inventory_fact_ALL__supply_time_2013_1_files</folder>
                            <name>number</name>
                            <version>0</version>
                            <label>Number</label>
                            <creationDate>2018-05-07T02:12:55.971Z</creationDate>
                            <updateDate>2018-05-07T02:12:55.971Z</updateDate>
                            <type>2</type>
                            <strictMin>false</strictMin>
                            <strictMax>false</strictMax>
                        </localResource>
                    </dataType>
                </localResource>
            </inputControl>
            <resource>
                <localResource exportedWithPermissions="false"
                    dataFile="supermart_domain.properties.data" xsi:type="fileResource">
                    <folder>/public/Samples/FreshDelivery_Demo/Admin_Inventory_Dashboard_files/tmpAdv_1414794373505_jpca_files</folder>
                    <name>supermart_domain.properties</name>
                    <version>0</version>
                    <label>bundle</label>
                    <description>bundle</description>
                    <creationDate>2018-05-07T02:12:55.971Z</creationDate>
                    <updateDate>2018-05-07T02:12:55.971Z</updateDate>
                    <fileType>prop</fileType>
                </localResource>
            </resource>
            <resource>
                <localResource exportedWithPermissions="false"
                    dataFile="supermart_domain_en_US.properties.data" xsi:type="fileResource">
                    <folder>/public/Samples/FreshDelivery_Demo/Admin_Inventory_Dashboard_files/tmpAdv_1414794373505_jpca_files</folder>
                    <name>supermart_domain_en_US.properties</name>
                    <version>0</version>
                    <label>bundle</label>
                    <description>bundle</description>
                    <creationDate>2018-05-07T02:12:55.971Z</creationDate>
                    <updateDate>2018-05-07T02:12:55.971Z</updateDate>
                    <fileType>prop</fileType>
                </localResource>
            </resource>
            <resource>
                <localResource exportedWithPermissions="false"
                    dataFile="supermart_domain_es.properties.data" xsi:type="fileResource">
                    <folder>/public/Samples/FreshDelivery_Demo/Admin_Inventory_Dashboard_files/tmpAdv_1414794373505_jpca_files</folder>
                    <name>supermart_domain_es.properties</name>
                    <version>0</version>
                    <label>bundle</label>
                    <description>bundle</description>
                    <creationDate>2018-05-07T02:12:55.971Z</creationDate>
                    <updateDate>2018-05-07T02:12:55.971Z</updateDate>
                    <fileType>prop</fileType>
                </localResource>
            </resource>
            <resource>
                <localResource exportedWithPermissions="false"
                    dataFile="supermart_domain_fr.properties.data" xsi:type="fileResource">
                    <folder>/public/Samples/FreshDelivery_Demo/Admin_Inventory_Dashboard_files/tmpAdv_1414794373505_jpca_files</folder>
                    <name>supermart_domain_fr.properties</name>
                    <version>0</version>
                    <label>bundle</label>
                    <description>bundle</description>
                    <creationDate>2018-05-07T02:12:55.971Z</creationDate>
                    <updateDate>2018-05-07T02:12:55.971Z</updateDate>
                    <fileType>prop</fileType>
                </localResource>
            </resource>
            <resource>
                <localResource exportedWithPermissions="false"
                    dataFile="supermart_domain_ja.properties.data" xsi:type="fileResource">
                    <folder>/public/Samples/FreshDelivery_Demo/Admin_Inventory_Dashboard_files/tmpAdv_1414794373505_jpca_files</folder>
                    <name>supermart_domain_ja.properties</name>
                    <version>0</version>
                    <label>bundle</label>
                    <description>bundle</description>
                    <creationDate>2018-05-07T02:12:55.971Z</creationDate>
                    <updateDate>2018-05-07T02:12:55.971Z</updateDate>
                    <fileType>prop</fileType>
                </localResource>
            </resource>
            <resource>
                <localResource exportedWithPermissions="false"
                    dataFile="supermart_domain_zh_CN.properties.data" xsi:type="fileResource">
                    <folder>/public/Samples/FreshDelivery_Demo/Admin_Inventory_Dashboard_files/tmpAdv_1414794373505_jpca_files</folder>
                    <name>supermart_domain_zh_CN.properties</name>
                    <version>0</version>
                    <label>bundle</label>
                    <description>bundle</description>
                    <creationDate>2018-05-07T02:12:55.971Z</creationDate>
                    <updateDate>2018-05-07T02:12:55.971Z</updateDate>
                    <fileType>prop</fileType>
                </localResource>
            </resource>
            <resource>
                <localResource exportedWithPermissions="false"
                    dataFile="supermart_domain_de.properties.data" xsi:type="fileResource">
                    <folder>/public/Samples/FreshDelivery_Demo/Admin_Inventory_Dashboard_files/tmpAdv_1414794373505_jpca_files</folder>
                    <name>supermart_domain_de.properties</name>
                    <version>0</version>
                    <label>bundle</label>
                    <description>bundle</description>
                    <creationDate>2018-05-07T02:12:55.971Z</creationDate>
                    <updateDate>2018-05-07T02:12:55.971Z</updateDate>
                    <fileType>prop</fileType>
                </localResource>
            </resource>
            <resource>
                <localResource exportedWithPermissions="false"
                    dataFile="topicJRXML.data" xsi:type="fileResource">
                    <folder>/public/Samples/FreshDelivery_Demo/Admin_Inventory_Dashboard_files/tmpAdv_1414794373505_jpca_files</folder>
                    <name>topicJRXML</name>
                    <version>0</version>
                    <label>topicJRXML</label>
                    <creationDate>2018-05-07T02:12:55.971Z</creationDate>
                    <updateDate>2018-05-07T02:12:55.971Z</updateDate>
                    <fileType>jrxml</fileType>
                </localResource>
            </resource>
            <resource>
                <localResource exportedWithPermissions="false"
                    dataFile="stateXML.data" xsi:type="fileResource">
                    <folder>/public/Samples/FreshDelivery_Demo/Admin_Inventory_Dashboard_files/tmpAdv_1414794373505_jpca_files</folder>
                    <name>stateXML</name>
                    <version>0</version>
                    <label>stateXML</label>
                    <creationDate>2018-05-07T02:12:55.971Z</creationDate>
                    <updateDate>2018-05-07T02:12:55.971Z</updateDate>
                    <fileType>xml</fileType>
                </localResource>
            </resource>
            <reports>
                <localResource exportedWithPermissions="false" xsi:type="reportUnit">
                    <folder>/public/Samples/FreshDelivery_Demo/Admin_Inventory_Dashboard_files/tmpAdv_1414794373505_jpca_files</folder>
                    <name>dashboardReport</name>
                    <version>2</version>
                    <label>dashboardReport</label>
                    <creationDate>2018-05-07T02:12:55.971Z</creationDate>
                    <updateDate>2018-05-07T02:13:49.691Z</updateDate>
                    <mainReport>
                        <localResource exportedWithPermissions="false"
                            dataFile="mainReportJrxml.data" xsi:type="fileResource">
                            <folder>/public/Samples/FreshDelivery_Demo/Admin_Inventory_Dashboard_files/tmpAdv_1414794373505_jpca_files/dashboardReport_files</folder>
                            <name>mainReportJrxml</name>
                            <version>0</version>
                            <label>mainReportJrxml</label>
                            <creationDate>2018-05-07T02:12:55.971Z</creationDate>
                            <updateDate>2018-05-07T02:12:55.971Z</updateDate>
                            <fileType>jrxml</fileType>
                        </localResource>
                    </mainReport>
                    <resource>
                        <localResource exportedWithPermissions="false"
                            dataFile="supermart_domain.properties.data" xsi:type="fileResource">
                            <folder>/public/Samples/FreshDelivery_Demo/Admin_Inventory_Dashboard_files/tmpAdv_1414794373505_jpca_files/dashboardReport_files</folder>
                            <name>supermart_domain.properties</name>
                            <version>0</version>
                            <label>bundle</label>
                            <description>bundle</description>
                            <creationDate>2018-05-07T02:12:55.971Z</creationDate>
                            <updateDate>2018-05-07T02:12:55.971Z</updateDate>
                            <fileType>prop</fileType>
                        </localResource>
                    </resource>
                    <resource>
                        <localResource exportedWithPermissions="false"
                            dataFile="supermart_domain_en_US.properties.data" xsi:type="fileResource">
                            <folder>/public/Samples/FreshDelivery_Demo/Admin_Inventory_Dashboard_files/tmpAdv_1414794373505_jpca_files/dashboardReport_files</folder>
                            <name>supermart_domain_en_US.properties</name>
                            <version>0</version>
                            <label>bundle</label>
                            <description>bundle</description>
                            <creationDate>2018-05-07T02:12:55.971Z</creationDate>
                            <updateDate>2018-05-07T02:12:55.971Z</updateDate>
                            <fileType>prop</fileType>
                        </localResource>
                    </resource>
                    <resource>
                        <localResource exportedWithPermissions="false"
                            dataFile="supermart_domain_es.properties.data" xsi:type="fileResource">
                            <folder>/public/Samples/FreshDelivery_Demo/Admin_Inventory_Dashboard_files/tmpAdv_1414794373505_jpca_files/dashboardReport_files</folder>
                            <name>supermart_domain_es.properties</name>
                            <version>0</version>
                            <label>bundle</label>
                            <description>bundle</description>
                            <creationDate>2018-05-07T02:12:55.971Z</creationDate>
                            <updateDate>2018-05-07T02:12:55.971Z</updateDate>
                            <fileType>prop</fileType>
                        </localResource>
                    </resource>
                    <resource>
                        <localResource exportedWithPermissions="false"
                            dataFile="supermart_domain_fr.properties.data" xsi:type="fileResource">
                            <folder>/public/Samples/FreshDelivery_Demo/Admin_Inventory_Dashboard_files/tmpAdv_1414794373505_jpca_files/dashboardReport_files</folder>
                            <name>supermart_domain_fr.properties</name>
                            <version>0</version>
                            <label>bundle</label>
                            <description>bundle</description>
                            <creationDate>2018-05-07T02:12:55.971Z</creationDate>
                            <updateDate>2018-05-07T02:12:55.971Z</updateDate>
                            <fileType>prop</fileType>
                        </localResource>
                    </resource>
                    <resource>
                        <localResource exportedWithPermissions="false"
                            dataFile="supermart_domain_ja.properties.data" xsi:type="fileResource">
                            <folder>/public/Samples/FreshDelivery_Demo/Admin_Inventory_Dashboard_files/tmpAdv_1414794373505_jpca_files/dashboardReport_files</folder>
                            <name>supermart_domain_ja.properties</name>
                            <version>0</version>
                            <label>bundle</label>
                            <description>bundle</description>
                            <creationDate>2018-05-07T02:12:55.971Z</creationDate>
                            <updateDate>2018-05-07T02:12:55.971Z</updateDate>
                            <fileType>prop</fileType>
                        </localResource>
                    </resource>
                    <resource>
                        <localResource exportedWithPermissions="false"
                            dataFile="supermart_domain_zh_CN.properties.data" xsi:type="fileResource">
                            <folder>/public/Samples/FreshDelivery_Demo/Admin_Inventory_Dashboard_files/tmpAdv_1414794373505_jpca_files/dashboardReport_files</folder>
                            <name>supermart_domain_zh_CN.properties</name>
                            <version>0</version>
                            <label>bundle</label>
                            <description>bundle</description>
                            <creationDate>2018-05-07T02:12:55.971Z</creationDate>
                            <updateDate>2018-05-07T02:12:55.971Z</updateDate>
                            <fileType>prop</fileType>
                        </localResource>
                    </resource>
                    <resource>
                        <localResource exportedWithPermissions="false"
                            dataFile="supermart_domain_de.properties.data" xsi:type="fileResource">
                            <folder>/public/Samples/FreshDelivery_Demo/Admin_Inventory_Dashboard_files/tmpAdv_1414794373505_jpca_files/dashboardReport_files</folder>
                            <name>supermart_domain_de.properties</name>
                            <version>0</version>
                            <label>bundle</label>
                            <description>bundle</description>
                            <creationDate>2018-05-07T02:12:55.971Z</creationDate>
                            <updateDate>2018-05-07T02:12:55.971Z</updateDate>
                            <fileType>prop</fileType>
                        </localResource>
                    </resource>
                    <resource>
                        <localResource exportedWithPermissions="false"
                            dataFile="stateXML.data" xsi:type="fileResource">
                            <folder>/public/Samples/FreshDelivery_Demo/Admin_Inventory_Dashboard_files/tmpAdv_1414794373505_jpca_files/dashboardReport_files</folder>
                            <name>stateXML</name>
                            <version>0</version>
                            <label>stateXML</label>
                            <creationDate>2018-05-07T02:12:55.971Z</creationDate>
                            <updateDate>2018-05-07T02:12:55.971Z</updateDate>
                            <fileType>xml</fileType>
                        </localResource>
                    </resource>
                    <alwaysPromptControls>false</alwaysPromptControls>
                    <controlsLayout>1</controlsLayout>
                    <dataSnapshotMetadata>
                        <snapshotDate>2018-05-07T02:13:47.890Z</snapshotDate>
                        <parameter>
                            <key xmlns:java="http://java.sun.com" xsi:type="java:java.lang.String">_AdHocChartType</key>
                            <value xmlns:java="http://java.sun.com" xsi:type="java:java.lang.String">bubble</value>
                            <valueType>single</valueType>
                        </parameter>
                        <parameter>
                            <key xmlns:java="http://java.sun.com" xsi:type="java:java.lang.String">_AdHocTableFlattenedDS</key>
                            <value xmlns:java="http://java.sun.com" xsi:type="java:java.lang.Boolean">false</value>
                            <valueType>single</valueType>
                        </parameter>
                        <parameter>
                            <key xmlns:java="http://java.sun.com" xsi:type="java:java.lang.String">inv_store__region__sales_country_1</key>
                            <value xmlns:java="http://java.sun.com" xsi:type="java:java.lang.String">Canada</value>
                            <value xmlns:java="http://java.sun.com" xsi:type="java:java.lang.String">Mexico</value>
                            <value xmlns:java="http://java.sun.com" xsi:type="java:java.lang.String">USA</value>
                        </parameter>
                        <parameter>
                            <key xmlns:java="http://java.sun.com" xsi:type="java:java.lang.String">inventory_fact_ALL__supply_time_2013_1</key>
                            <value xmlns:java="http://java.sun.com" xsi:type="java:java.lang.Short">1</value>
                            <valueType>single</valueType>
                        </parameter>
                    </dataSnapshotMetadata>
                </localResource>
            </reports>
            <alwaysPromptControls>false</alwaysPromptControls>
            <controlsLayout>1</controlsLayout>
        </localResource>
    </resource>
    <resource>
        <localResource
            xmlns:xsi="http://www.w3.org/2001/XMLSchema-instance"
            exportedWithPermissions="false" xsi:type="adhocDataView">
            <folder>/public/Samples/FreshDelivery_Demo/Admin_Inventory_Dashboard_files</folder>
            <name>tmpAdv_1419229481452_oktu</name>
            <version>1</version>
            <label>tmpAdv_1419229481452_oktu</label>
            <description>Dashboard visualization.</description>
            <creationDate>2018-05-07T02:12:55.971Z</creationDate>
            <updateDate>2018-05-07T02:12:55.971Z</updateDate>
            <dataSource>
                <uri>/public/Samples/Domains/supermartDomain</uri>
            </dataSource>
            <inputControl>
                <localResource exportedWithPermissions="false" xsi:type="inputControl">
                    <folder>/public/Samples/FreshDelivery_Demo/Admin_Inventory_Dashboard_files/tmpAdv_1419229481452_oktu_files</folder>
                    <name>inv_store__region__sales_country_1</name>
                    <version>0</version>
                    <label>$R{supermart.region.sales_country.label}</label>
                    <creationDate>2018-05-07T02:12:55.971Z</creationDate>
                    <updateDate>2018-05-07T02:12:55.971Z</updateDate>
                    <type>7</type>
                    <mandatory>false</mandatory>
                    <readOnly>false</readOnly>
                    <visible>true</visible>
                    <query>
                        <localResource exportedWithPermissions="false" xsi:type="query">
                            <folder>/public/Samples/FreshDelivery_Demo/Admin_Inventory_Dashboard_files/tmpAdv_1419229481452_oktu_files/inv_store__region__sales_country_1_files</folder>
                            <name>inv_store__region__sales_country_1</name>
                            <version>0</version>
                            <label>$R{supermart.region.sales_country.label}</label>
                            <creationDate>2018-05-07T02:12:55.971Z</creationDate>
                            <updateDate>2018-05-07T02:12:55.971Z</updateDate>
                            <language>domain</language>
                            <queryString>&lt;?xml version="1.0" encoding="UTF-8"?&gt;
&lt;query xmlns="http://www.jaspersoft.com/2007/SL/XMLSchema"&gt;
  &lt;groupList&gt;
    &lt;group columnName="inventory_fact_ALL.inv_store.inv_store__region.inv_store__region__sales_country" /&gt;
  &lt;/groupList&gt;
  &lt;queryFields&gt;
    &lt;queryField id="inventory_fact_ALL.inv_store.inv_store__region.inv_store__region__sales_country" /&gt;
    &lt;queryField id="region2.sales_country" /&gt;
  &lt;/queryFields&gt;
&lt;/query&gt;

</queryString>
                            <dataSource>
                                <uri>/public/Samples/Domains/supermartDomain</uri>
                            </dataSource>
                        </localResource>
                    </query>
                    <queryVisibleColumn>inventory_fact_ALL.inv_store.inv_store__region.inv_store__region__sales_country</queryVisibleColumn>
                    <queryValueColumn>inventory_fact_ALL.inv_store.inv_store__region.inv_store__region__sales_country</queryValueColumn>
                </localResource>
            </inputControl>
            <resource>
                <localResource exportedWithPermissions="false"
                    dataFile="supermart_domain.properties.data" xsi:type="fileResource">
                    <folder>/public/Samples/FreshDelivery_Demo/Admin_Inventory_Dashboard_files/tmpAdv_1419229481452_oktu_files</folder>
                    <name>supermart_domain.properties</name>
                    <version>0</version>
                    <label>bundle</label>
                    <description>bundle</description>
                    <creationDate>2018-05-07T02:12:55.971Z</creationDate>
                    <updateDate>2018-05-07T02:12:55.971Z</updateDate>
                    <fileType>prop</fileType>
                </localResource>
            </resource>
            <resource>
                <localResource exportedWithPermissions="false"
                    dataFile="supermart_domain_en_US.properties.data" xsi:type="fileResource">
                    <folder>/public/Samples/FreshDelivery_Demo/Admin_Inventory_Dashboard_files/tmpAdv_1419229481452_oktu_files</folder>
                    <name>supermart_domain_en_US.properties</name>
                    <version>0</version>
                    <label>bundle</label>
                    <description>bundle</description>
                    <creationDate>2018-05-07T02:12:55.971Z</creationDate>
                    <updateDate>2018-05-07T02:12:55.971Z</updateDate>
                    <fileType>prop</fileType>
                </localResource>
            </resource>
            <resource>
                <localResource exportedWithPermissions="false"
                    dataFile="supermart_domain_es.properties.data" xsi:type="fileResource">
                    <folder>/public/Samples/FreshDelivery_Demo/Admin_Inventory_Dashboard_files/tmpAdv_1419229481452_oktu_files</folder>
                    <name>supermart_domain_es.properties</name>
                    <version>0</version>
                    <label>bundle</label>
                    <description>bundle</description>
                    <creationDate>2018-05-07T02:12:55.971Z</creationDate>
                    <updateDate>2018-05-07T02:12:55.971Z</updateDate>
                    <fileType>prop</fileType>
                </localResource>
            </resource>
            <resource>
                <localResource exportedWithPermissions="false"
                    dataFile="supermart_domain_fr.properties.data" xsi:type="fileResource">
                    <folder>/public/Samples/FreshDelivery_Demo/Admin_Inventory_Dashboard_files/tmpAdv_1419229481452_oktu_files</folder>
                    <name>supermart_domain_fr.properties</name>
                    <version>0</version>
                    <label>bundle</label>
                    <description>bundle</description>
                    <creationDate>2018-05-07T02:12:55.971Z</creationDate>
                    <updateDate>2018-05-07T02:12:55.971Z</updateDate>
                    <fileType>prop</fileType>
                </localResource>
            </resource>
            <resource>
                <localResource exportedWithPermissions="false"
                    dataFile="supermart_domain_ja.properties.data" xsi:type="fileResource">
                    <folder>/public/Samples/FreshDelivery_Demo/Admin_Inventory_Dashboard_files/tmpAdv_1419229481452_oktu_files</folder>
                    <name>supermart_domain_ja.properties</name>
                    <version>0</version>
                    <label>bundle</label>
                    <description>bundle</description>
                    <creationDate>2018-05-07T02:12:55.971Z</creationDate>
                    <updateDate>2018-05-07T02:12:55.971Z</updateDate>
                    <fileType>prop</fileType>
                </localResource>
            </resource>
            <resource>
                <localResource exportedWithPermissions="false"
                    dataFile="supermart_domain_zh_CN.properties.data" xsi:type="fileResource">
                    <folder>/public/Samples/FreshDelivery_Demo/Admin_Inventory_Dashboard_files/tmpAdv_1419229481452_oktu_files</folder>
                    <name>supermart_domain_zh_CN.properties</name>
                    <version>0</version>
                    <label>bundle</label>
                    <description>bundle</description>
                    <creationDate>2018-05-07T02:12:55.971Z</creationDate>
                    <updateDate>2018-05-07T02:12:55.971Z</updateDate>
                    <fileType>prop</fileType>
                </localResource>
            </resource>
            <resource>
                <localResource exportedWithPermissions="false"
                    dataFile="supermart_domain_de.properties.data" xsi:type="fileResource">
                    <folder>/public/Samples/FreshDelivery_Demo/Admin_Inventory_Dashboard_files/tmpAdv_1419229481452_oktu_files</folder>
                    <name>supermart_domain_de.properties</name>
                    <version>0</version>
                    <label>bundle</label>
                    <description>bundle</description>
                    <creationDate>2018-05-07T02:12:55.971Z</creationDate>
                    <updateDate>2018-05-07T02:12:55.971Z</updateDate>
                    <fileType>prop</fileType>
                </localResource>
            </resource>
            <resource>
                <localResource exportedWithPermissions="false"
                    dataFile="topicJRXML.data" xsi:type="fileResource">
                    <folder>/public/Samples/FreshDelivery_Demo/Admin_Inventory_Dashboard_files/tmpAdv_1419229481452_oktu_files</folder>
                    <name>topicJRXML</name>
                    <version>0</version>
                    <label>topicJRXML</label>
                    <creationDate>2018-05-07T02:12:55.971Z</creationDate>
                    <updateDate>2018-05-07T02:12:55.971Z</updateDate>
                    <fileType>jrxml</fileType>
                </localResource>
            </resource>
            <resource>
                <localResource exportedWithPermissions="false"
                    dataFile="stateXML.data" xsi:type="fileResource">
                    <folder>/public/Samples/FreshDelivery_Demo/Admin_Inventory_Dashboard_files/tmpAdv_1419229481452_oktu_files</folder>
                    <name>stateXML</name>
                    <version>0</version>
                    <label>stateXML</label>
                    <creationDate>2018-05-07T02:12:55.971Z</creationDate>
                    <updateDate>2018-05-07T02:12:55.971Z</updateDate>
                    <fileType>xml</fileType>
                </localResource>
            </resource>
            <reports>
                <localResource exportedWithPermissions="false" xsi:type="reportUnit">
                    <folder>/public/Samples/FreshDelivery_Demo/Admin_Inventory_Dashboard_files/tmpAdv_1419229481452_oktu_files</folder>
                    <name>dashboardReport</name>
                    <version>2</version>
                    <label>dashboardReport</label>
                    <creationDate>2018-05-07T02:12:55.971Z</creationDate>
                    <updateDate>2018-05-07T02:13:48.978Z</updateDate>
                    <mainReport>
                        <localResource exportedWithPermissions="false"
                            dataFile="mainReportJrxml.data" xsi:type="fileResource">
                            <folder>/public/Samples/FreshDelivery_Demo/Admin_Inventory_Dashboard_files/tmpAdv_1419229481452_oktu_files/dashboardReport_files</folder>
                            <name>mainReportJrxml</name>
                            <version>0</version>
                            <label>mainReportJrxml</label>
                            <creationDate>2018-05-07T02:12:55.971Z</creationDate>
                            <updateDate>2018-05-07T02:12:55.971Z</updateDate>
                            <fileType>jrxml</fileType>
                        </localResource>
                    </mainReport>
                    <resource>
                        <localResource exportedWithPermissions="false"
                            dataFile="supermart_domain.properties.data" xsi:type="fileResource">
                            <folder>/public/Samples/FreshDelivery_Demo/Admin_Inventory_Dashboard_files/tmpAdv_1419229481452_oktu_files/dashboardReport_files</folder>
                            <name>supermart_domain.properties</name>
                            <version>0</version>
                            <label>bundle</label>
                            <description>bundle</description>
                            <creationDate>2018-05-07T02:12:55.971Z</creationDate>
                            <updateDate>2018-05-07T02:12:55.971Z</updateDate>
                            <fileType>prop</fileType>
                        </localResource>
                    </resource>
                    <resource>
                        <localResource exportedWithPermissions="false"
                            dataFile="supermart_domain_en_US.properties.data" xsi:type="fileResource">
                            <folder>/public/Samples/FreshDelivery_Demo/Admin_Inventory_Dashboard_files/tmpAdv_1419229481452_oktu_files/dashboardReport_files</folder>
                            <name>supermart_domain_en_US.properties</name>
                            <version>0</version>
                            <label>bundle</label>
                            <description>bundle</description>
                            <creationDate>2018-05-07T02:12:55.971Z</creationDate>
                            <updateDate>2018-05-07T02:12:55.971Z</updateDate>
                            <fileType>prop</fileType>
                        </localResource>
                    </resource>
                    <resource>
                        <localResource exportedWithPermissions="false"
                            dataFile="supermart_domain_es.properties.data" xsi:type="fileResource">
                            <folder>/public/Samples/FreshDelivery_Demo/Admin_Inventory_Dashboard_files/tmpAdv_1419229481452_oktu_files/dashboardReport_files</folder>
                            <name>supermart_domain_es.properties</name>
                            <version>0</version>
                            <label>bundle</label>
                            <description>bundle</description>
                            <creationDate>2018-05-07T02:12:55.971Z</creationDate>
                            <updateDate>2018-05-07T02:12:55.971Z</updateDate>
                            <fileType>prop</fileType>
                        </localResource>
                    </resource>
                    <resource>
                        <localResource exportedWithPermissions="false"
                            dataFile="supermart_domain_fr.properties.data" xsi:type="fileResource">
                            <folder>/public/Samples/FreshDelivery_Demo/Admin_Inventory_Dashboard_files/tmpAdv_1419229481452_oktu_files/dashboardReport_files</folder>
                            <name>supermart_domain_fr.properties</name>
                            <version>0</version>
                            <label>bundle</label>
                            <description>bundle</description>
                            <creationDate>2018-05-07T02:12:55.971Z</creationDate>
                            <updateDate>2018-05-07T02:12:55.971Z</updateDate>
                            <fileType>prop</fileType>
                        </localResource>
                    </resource>
                    <resource>
                        <localResource exportedWithPermissions="false"
                            dataFile="supermart_domain_ja.properties.data" xsi:type="fileResource">
                            <folder>/public/Samples/FreshDelivery_Demo/Admin_Inventory_Dashboard_files/tmpAdv_1419229481452_oktu_files/dashboardReport_files</folder>
                            <name>supermart_domain_ja.properties</name>
                            <version>0</version>
                            <label>bundle</label>
                            <description>bundle</description>
                            <creationDate>2018-05-07T02:12:55.971Z</creationDate>
                            <updateDate>2018-05-07T02:12:55.971Z</updateDate>
                            <fileType>prop</fileType>
                        </localResource>
                    </resource>
                    <resource>
                        <localResource exportedWithPermissions="false"
                            dataFile="supermart_domain_zh_CN.properties.data" xsi:type="fileResource">
                            <folder>/public/Samples/FreshDelivery_Demo/Admin_Inventory_Dashboard_files/tmpAdv_1419229481452_oktu_files/dashboardReport_files</folder>
                            <name>supermart_domain_zh_CN.properties</name>
                            <version>0</version>
                            <label>bundle</label>
                            <description>bundle</description>
                            <creationDate>2018-05-07T02:12:55.971Z</creationDate>
                            <updateDate>2018-05-07T02:12:55.971Z</updateDate>
                            <fileType>prop</fileType>
                        </localResource>
                    </resource>
                    <resource>
                        <localResource exportedWithPermissions="false"
                            dataFile="supermart_domain_de.properties.data" xsi:type="fileResource">
                            <folder>/public/Samples/FreshDelivery_Demo/Admin_Inventory_Dashboard_files/tmpAdv_1419229481452_oktu_files/dashboardReport_files</folder>
                            <name>supermart_domain_de.properties</name>
                            <version>0</version>
                            <label>bundle</label>
                            <description>bundle</description>
                            <creationDate>2018-05-07T02:12:55.971Z</creationDate>
                            <updateDate>2018-05-07T02:12:55.971Z</updateDate>
                            <fileType>prop</fileType>
                        </localResource>
                    </resource>
                    <resource>
                        <localResource exportedWithPermissions="false"
                            dataFile="stateXML.data" xsi:type="fileResource">
                            <folder>/public/Samples/FreshDelivery_Demo/Admin_Inventory_Dashboard_files/tmpAdv_1419229481452_oktu_files/dashboardReport_files</folder>
                            <name>stateXML</name>
                            <version>0</version>
                            <label>stateXML</label>
                            <creationDate>2018-05-07T02:12:55.971Z</creationDate>
                            <updateDate>2018-05-07T02:12:55.971Z</updateDate>
                            <fileType>xml</fileType>
                        </localResource>
                    </resource>
                    <alwaysPromptControls>false</alwaysPromptControls>
                    <controlsLayout>1</controlsLayout>
                    <dataSnapshotMetadata>
                        <snapshotDate>2018-05-07T02:13:47.154Z</snapshotDate>
                        <parameter>
                            <key xmlns:java="http://java.sun.com" xsi:type="java:java.lang.String">_AdHocChartType</key>
                            <value xmlns:java="http://java.sun.com" xsi:type="java:java.lang.String">dual_level_pie</value>
                            <valueType>single</valueType>
                        </parameter>
                        <parameter>
                            <key xmlns:java="http://java.sun.com" xsi:type="java:java.lang.String">_AdHocTableFlattenedDS</key>
                            <value xmlns:java="http://java.sun.com" xsi:type="java:java.lang.Boolean">false</value>
                            <valueType>single</valueType>
                        </parameter>
                        <parameter>
                            <key xmlns:java="http://java.sun.com" xsi:type="java:java.lang.String">inv_store__region__sales_country_1</key>
                            <value xmlns:java="http://java.sun.com" xsi:type="java:java.lang.String">Canada</value>
                            <value xmlns:java="http://java.sun.com" xsi:type="java:java.lang.String">Mexico</value>
                            <value xmlns:java="http://java.sun.com" xsi:type="java:java.lang.String">USA</value>
                        </parameter>
                    </dataSnapshotMetadata>
                </localResource>
            </reports>
            <alwaysPromptControls>false</alwaysPromptControls>
            <controlsLayout>1</controlsLayout>
        </localResource>
    </resource>
    <resource>
        <localResource
            xmlns:xsi="http://www.w3.org/2001/XMLSchema-instance"
            exportedWithPermissions="false" xsi:type="inputControl">
            <folder>/public/Samples/FreshDelivery_Demo/Admin_Inventory_Dashboard_files</folder>
            <name>inv_store__store_contact__store_country_1</name>
            <version>4</version>
            <label>inv_store__store_contact__store_country_1</label>
            <creationDate>2018-05-07T01:46:48.692Z</creationDate>
            <updateDate>2018-05-07T01:46:48.692Z</updateDate>
            <type>7</type>
            <mandatory>false</mandatory>
            <readOnly>false</readOnly>
            <visible>true</visible>
            <query>
                <localResource exportedWithPermissions="false" xsi:type="query">
                    <folder>/public/Samples/FreshDelivery_Demo/Admin_Inventory_Dashboard_files/inv_store__store_contact__store_country_1_files</folder>
                    <name>inv_store__store_contact__store_country_1</name>
                    <version>0</version>
                    <label>$R{supermart.store.store_country.label}</label>
                    <creationDate>2018-05-07T01:46:48.692Z</creationDate>
                    <updateDate>2018-05-07T01:46:48.692Z</updateDate>
                    <language>domain</language>
                    <queryString>&lt;?xml version="1.0" encoding="UTF-8"?&gt;
&lt;query xmlns="http://www.jaspersoft.com/2007/SL/XMLSchema"&gt;
  &lt;groupList&gt;
    &lt;group columnName="inventory_fact_ALL.inv_store.inv_store__store_contact.inv_store__store_contact__store_country" /&gt;
  &lt;/groupList&gt;
  &lt;queryFields&gt;
    &lt;queryField id="store2.store_country" /&gt;
    &lt;queryField id="inventory_fact_ALL.inv_store.inv_store__store_contact.inv_store__store_contact__store_country" /&gt;
  &lt;/queryFields&gt;
&lt;/query&gt;

</queryString>
                    <dataSource>
                        <uri>/public/Samples/Domains/supermartDomain</uri>
                    </dataSource>
                </localResource>
            </query>
            <queryVisibleColumn>inventory_fact_ALL.inv_store.inv_store__store_contact.inv_store__store_contact__store_country</queryVisibleColumn>
            <queryValueColumn>inventory_fact_ALL.inv_store.inv_store__store_contact.inv_store__store_contact__store_country</queryValueColumn>
        </localResource>
    </resource>
</dashboardModelResource>
