<?xml version="1.0" encoding="UTF-8"?>
<inputControl exportedWithPermissions="false">
    <folder>/public/Samples/FreshDelivery_Demo</folder>
    <name>brand_name</name>
    <version>0</version>
    <label>Brand Name</label>
    <description>Available brands</description>
    <creationDate>2018-05-03T16:55:33.101Z</creationDate>
    <updateDate>2017-09-26T18:04:30.013Z</updateDate>
    <type>4</type>
    <mandatory>false</mandatory>
    <readOnly>false</readOnly>
    <visible>true</visible>
    <query>
        <localResource
            xmlns:xsi="http://www.w3.org/2001/XMLSchema-instance"
            exportedWithPermissions="false" xsi:type="query">
            <folder>/public/Samples/FreshDelivery_Demo/brand_name_files</folder>
            <name>brand_names</name>
            <version>0</version>
            <label>brand names</label>
            <description></description>
            <creationDate>2018-05-03T16:55:33.101Z</creationDate>
            <updateDate>2017-09-26T18:04:30.013Z</updateDate>
            <language>sql</language>
            <queryString>select brand_name from product
order by brand_name</queryString>
            <dataSource>
                <uri>/public/Samples/Data_Sources/FoodmartDataSourceJNDI</uri>
            </dataSource>
        </localResource>
    </query>
    <queryVisibleColumn>brand_name</queryVisibleColumn>
    <queryValueColumn>brand_name</queryValueColumn>
</inputControl>
