<?xml version="1.0" encoding="UTF-8"?>
<reportUnit exportedWithPermissions="false">
    <folder>/public/Samples/FreshDelivery_Demo</folder>
    <name>Brands</name>
    <version>1</version>
    <label>21.1 Brands</label>
    <description>Brand Master Report</description>
    <creationDate>2018-05-03T16:55:35.379Z</creationDate>
    <updateDate>2018-05-04T23:07:33.420Z</updateDate>
    <mainReport>
        <localResource
            xmlns:xsi="http://www.w3.org/2001/XMLSchema-instance"
            exportedWithPermissions="false" dataFile="main_jrxml.data" xsi:type="fileResource">
            <folder>/public/Samples/FreshDelivery_Demo/Brands_files</folder>
            <name>main_jrxml</name>
            <version>0</version>
            <label>main_jrxml</label>
            <creationDate>2018-05-03T16:55:35.379Z</creationDate>
            <updateDate>2017-08-14T15:55:21.019Z</updateDate>
            <fileType>jrxml</fileType>
        </localResource>
    </mainReport>
    <dataSource>
        <uri>/public/Samples/Data_Sources/FoodmartDataSourceJNDI</uri>
    </dataSource>
    <alwaysPromptControls>true</alwaysPromptControls>
    <controlsLayout>1</controlsLayout>
    <dataSnapshotMetadata>
        <snapshotDate>2018-05-04T23:07:32.776Z</snapshotDate>
    </dataSnapshotMetadata>
</reportUnit>
