<?xml version="1.0" encoding="UTF-8"?>
<jdbcDataSource exportedWithPermissions="false">
    <folder>/public/Samples/FreshDelivery_Demo</folder>
    <name>Foodmart_64_data_source</name>
    <version>0</version>
    <label>Foodmart 64 data source</label>
    <creationDate>2018-05-03T16:55:56.294Z</creationDate>
    <updateDate>2017-07-12T11:57:53.677Z</updateDate>
    <driver>org.postgresql.Driver</driver>
    <connectionUrl>jdbc:postgresql://localhost:5432/foodmart_64</connectionUrl>
    <connectionUser>postgres</connectionUser>
    <connectionPassword>ENC&lt;B7C77EB9023F241CECD504AD17BE454D&gt;</connectionPassword>
    <timezone></timezone>
</jdbcDataSource>
