<?xml version="1.0" encoding="UTF-8"?>
<reportUnit exportedWithPermissions="false">
    <folder>/public/Samples/FreshDelivery_Demo</folder>
    <name>FreshDelivery_Internal_Report</name>
    <version>2</version>
    <label>21.9 Internal Authentication Report</label>
    <description>Authentication sample report for FreshDelivery demo.</description>
    <creationDate>2018-05-03T16:55:56.626Z</creationDate>
    <updateDate>2018-05-17T19:31:42.519Z</updateDate>
    <mainReport>
        <localResource
            xmlns:xsi="http://www.w3.org/2001/XMLSchema-instance"
            exportedWithPermissions="false" dataFile="MainJrxml.data" xsi:type="fileResource">
            <folder>/public/Samples/FreshDelivery_Demo/FreshDelivery_Internal_Report_files</folder>
            <name>MainJrxml</name>
            <version>2</version>
            <label>Main Jrxml</label>
            <description></description>
            <creationDate>2018-05-03T16:55:56.626Z</creationDate>
            <updateDate>2018-05-17T19:31:42.261Z</updateDate>
            <fileType>jrxml</fileType>
        </localResource>
    </mainReport>
    <dataSource>
        <uri>/public/Samples/Data_Sources/FoodmartDataSourceJNDI</uri>
    </dataSource>
    <inputControl>
        <localResource
            xmlns:xsi="http://www.w3.org/2001/XMLSchema-instance"
            exportedWithPermissions="false" xsi:type="inputControl">
            <folder>/public/Samples/FreshDelivery_Demo/FreshDelivery_Internal_Report_files</folder>
            <name>Username</name>
            <version>0</version>
            <label>Username</label>
            <creationDate>2018-05-17T19:31:42.519Z</creationDate>
            <updateDate>2018-05-17T19:31:42.519Z</updateDate>
            <type>2</type>
            <mandatory>false</mandatory>
            <readOnly>false</readOnly>
            <visible>true</visible>
            <dataType>
                <localResource exportedWithPermissions="false" xsi:type="dataType">
                    <folder>/public/Samples/FreshDelivery_Demo/FreshDelivery_Internal_Report_files/Username_files</folder>
                    <name>myDatatype</name>
                    <version>0</version>
                    <label>myDatatype</label>
                    <creationDate>2018-05-17T19:31:42.519Z</creationDate>
                    <updateDate>2018-05-17T19:31:42.519Z</updateDate>
                    <type>1</type>
                    <strictMin>false</strictMin>
                    <strictMax>false</strictMax>
                </localResource>
            </dataType>
        </localResource>
    </inputControl>
    <alwaysPromptControls>false</alwaysPromptControls>
    <controlsLayout>1</controlsLayout>
    <dataSnapshotMetadata>
        <snapshotDate>2018-05-04T23:17:33.650Z</snapshotDate>
    </dataSnapshotMetadata>
</reportUnit>
