<?xml version="1.0" encoding="UTF-8"?>
<reportUnit exportedWithPermissions="false">
    <folder>/public/Samples/FreshDelivery_Demo</folder>
    <name>HealthyChoiceProducts</name>
    <version>1</version>
    <label>21.4 HealthyChoice Products</label>
    <description>Bubble Chart for HealthyChoice products.</description>
    <creationDate>2018-05-03T16:55:58.482Z</creationDate>
    <updateDate>2018-05-04T23:14:16.783Z</updateDate>
    <mainReport>
        <localResource
            xmlns:xsi="http://www.w3.org/2001/XMLSchema-instance"
            exportedWithPermissions="false" dataFile="MainJrxml.data" xsi:type="fileResource">
            <folder>/public/Samples/FreshDelivery_Demo/HealthyChoiceProducts_files</folder>
            <name>MainJrxml</name>
            <version>0</version>
            <label>Main Jrxml</label>
            <description></description>
            <creationDate>2018-05-03T16:55:58.482Z</creationDate>
            <updateDate>2014-12-17T11:37:32.842Z</updateDate>
            <fileType>jrxml</fileType>
        </localResource>
    </mainReport>
    <dataSource>
        <uri>/public/Samples/Data_Sources/FoodmartDataSourceJNDI</uri>
    </dataSource>
    <inputControl>
        <uri>/public/Samples/Resources/Input_Controls/SupplyTime</uri>
    </inputControl>
    <inputControlRenderingView></inputControlRenderingView>
    <alwaysPromptControls>true</alwaysPromptControls>
    <controlsLayout>1</controlsLayout>
    <dataSnapshotMetadata>
        <snapshotDate>2018-05-04T23:14:16.690Z</snapshotDate>
        <parameter>
            <key xmlns:xsi="http://www.w3.org/2001/XMLSchema-instance"
                xmlns:java="http://java.sun.com" xsi:type="java:java.lang.String">SupplyTime</key>
            <value xmlns:xsi="http://www.w3.org/2001/XMLSchema-instance"
                xmlns:java="http://java.sun.com" xsi:type="java:java.lang.String">1</value>
            <value xmlns:xsi="http://www.w3.org/2001/XMLSchema-instance"
                xmlns:java="http://java.sun.com" xsi:type="java:java.lang.String">2</value>
            <value xmlns:xsi="http://www.w3.org/2001/XMLSchema-instance"
                xmlns:java="http://java.sun.com" xsi:type="java:java.lang.String">3</value>
            <value xmlns:xsi="http://www.w3.org/2001/XMLSchema-instance"
                xmlns:java="http://java.sun.com" xsi:type="java:java.lang.String">4</value>
        </parameter>
    </dataSnapshotMetadata>
</reportUnit>
