<?xml version="1.0" encoding="UTF-8"?>
<adhocDataView exportedWithPermissions="false">
    <folder>/public/Samples/FreshDelivery_Demo</folder>
    <name>Units_Shipped_by_District___Fresh_Produce_Brands</name>
    <version>0</version>
    <label>Units Shipped by District - Fresh Produce Brands</label>
    <description>Heat map for units shipped by district.</description>
    <creationDate>2018-05-03T16:56:12.149Z</creationDate>
    <updateDate>2018-05-03T11:50:33.940Z</updateDate>
    <dataSource>
        <uri>/public/Samples/Domains/supermartDomain</uri>
    </dataSource>
    <inputControl>
        <localResource
            xmlns:xsi="http://www.w3.org/2001/XMLSchema-instance"
            exportedWithPermissions="false" xsi:type="inputControl">
            <folder>/public/Samples/FreshDelivery_Demo/Units_Shipped_by_District___Fresh_Produce_Brands_files</folder>
            <name>inv__product__brand_name_1</name>
            <version>0</version>
            <label>$R{supermart.product.brand_name.label}</label>
            <creationDate>2018-05-03T16:56:12.149Z</creationDate>
            <updateDate>2018-05-03T11:50:33.940Z</updateDate>
            <type>7</type>
            <mandatory>false</mandatory>
            <readOnly>false</readOnly>
            <visible>true</visible>
            <query>
                <localResource exportedWithPermissions="false" xsi:type="query">
                    <folder>/public/Samples/FreshDelivery_Demo/Units_Shipped_by_District___Fresh_Produce_Brands_files/inv__product__brand_name_1_files</folder>
                    <name>inv__product__brand_name_1</name>
                    <version>0</version>
                    <label>$R{supermart.product.brand_name.label}</label>
                    <creationDate>2018-05-03T16:56:12.149Z</creationDate>
                    <updateDate>2018-05-03T11:50:33.940Z</updateDate>
                    <language>domain</language>
                    <queryString>&lt;?xml version="1.0" encoding="UTF-8"?&gt;
&lt;query xmlns="http://www.jaspersoft.com/2007/SL/XMLSchema"&gt;
  &lt;groupList&gt;
    &lt;group columnName="inventory_fact_ALL.inv__product.inv__product__brand_name" /&gt;
  &lt;/groupList&gt;
  &lt;queryFields&gt;
    &lt;queryField id="inventory_fact_ALL.inv__product.inv__product__brand_name" /&gt;
    &lt;queryField id="product2.brand_name" /&gt;
  &lt;/queryFields&gt;
&lt;/query&gt;

</queryString>
                    <dataSource>
                        <uri>/public/Samples/Domains/supermartDomain</uri>
                    </dataSource>
                </localResource>
            </query>
            <queryVisibleColumn>inventory_fact_ALL.inv__product.inv__product__brand_name</queryVisibleColumn>
            <queryValueColumn>inventory_fact_ALL.inv__product.inv__product__brand_name</queryValueColumn>
        </localResource>
    </inputControl>
    <inputControl>
        <localResource
            xmlns:xsi="http://www.w3.org/2001/XMLSchema-instance"
            exportedWithPermissions="false" xsi:type="inputControl">
            <folder>/public/Samples/FreshDelivery_Demo/Units_Shipped_by_District___Fresh_Produce_Brands_files</folder>
            <name>inv_store__region__sales_district_1</name>
            <version>0</version>
            <label>$R{supermart.region.sales_district.label} not </label>
            <creationDate>2018-05-03T16:56:12.149Z</creationDate>
            <updateDate>2018-05-03T11:50:33.940Z</updateDate>
            <type>7</type>
            <mandatory>false</mandatory>
            <readOnly>false</readOnly>
            <visible>true</visible>
            <query>
                <localResource exportedWithPermissions="false" xsi:type="query">
                    <folder>/public/Samples/FreshDelivery_Demo/Units_Shipped_by_District___Fresh_Produce_Brands_files/inv_store__region__sales_district_1_files</folder>
                    <name>inv_store__region__sales_district_1</name>
                    <version>0</version>
                    <label>$R{supermart.region.sales_district.label} not </label>
                    <creationDate>2018-05-03T16:56:12.149Z</creationDate>
                    <updateDate>2018-05-03T11:50:33.940Z</updateDate>
                    <language>domain</language>
                    <queryString>&lt;?xml version="1.0" encoding="UTF-8"?&gt;
&lt;query xmlns="http://www.jaspersoft.com/2007/SL/XMLSchema"&gt;
  &lt;groupList&gt;
    &lt;group columnName="inventory_fact_ALL.inv_store.inv_store__region.inv_store__region__sales_district" /&gt;
  &lt;/groupList&gt;
  &lt;queryFields&gt;
    &lt;queryField id="region2.sales_district" /&gt;
    &lt;queryField id="inventory_fact_ALL.inv_store.inv_store__region.inv_store__region__sales_district" /&gt;
  &lt;/queryFields&gt;
&lt;/query&gt;

</queryString>
                    <dataSource>
                        <uri>/public/Samples/Domains/supermartDomain</uri>
                    </dataSource>
                </localResource>
            </query>
            <queryVisibleColumn>inventory_fact_ALL.inv_store.inv_store__region.inv_store__region__sales_district</queryVisibleColumn>
            <queryValueColumn>inventory_fact_ALL.inv_store.inv_store__region.inv_store__region__sales_district</queryValueColumn>
        </localResource>
    </inputControl>
    <inputControl>
        <localResource
            xmlns:xsi="http://www.w3.org/2001/XMLSchema-instance"
            exportedWithPermissions="false" xsi:type="inputControl">
            <folder>/public/Samples/FreshDelivery_Demo/Units_Shipped_by_District___Fresh_Produce_Brands_files</folder>
            <name>inv_store__region__sales_country_1</name>
            <version>0</version>
            <label>$R{supermart.region.sales_country.label}</label>
            <creationDate>2018-05-03T16:56:12.149Z</creationDate>
            <updateDate>2018-05-03T11:50:33.940Z</updateDate>
            <type>7</type>
            <mandatory>false</mandatory>
            <readOnly>false</readOnly>
            <visible>true</visible>
            <query>
                <localResource exportedWithPermissions="false" xsi:type="query">
                    <folder>/public/Samples/FreshDelivery_Demo/Units_Shipped_by_District___Fresh_Produce_Brands_files/inv_store__region__sales_country_1_files</folder>
                    <name>inv_store__region__sales_country_1</name>
                    <version>0</version>
                    <label>$R{supermart.region.sales_country.label}</label>
                    <creationDate>2018-05-03T16:56:12.149Z</creationDate>
                    <updateDate>2018-05-03T11:50:33.940Z</updateDate>
                    <language>domain</language>
                    <queryString>&lt;?xml version="1.0" encoding="UTF-8"?&gt;
&lt;query xmlns="http://www.jaspersoft.com/2007/SL/XMLSchema"&gt;
  &lt;groupList&gt;
    &lt;group columnName="inventory_fact_ALL.inv_store.inv_store__region.inv_store__region__sales_country" /&gt;
  &lt;/groupList&gt;
  &lt;queryFields&gt;
    &lt;queryField id="inventory_fact_ALL.inv_store.inv_store__region.inv_store__region__sales_country" /&gt;
    &lt;queryField id="region2.sales_country" /&gt;
  &lt;/queryFields&gt;
&lt;/query&gt;

</queryString>
                    <dataSource>
                        <uri>/public/Samples/Domains/supermartDomain</uri>
                    </dataSource>
                </localResource>
            </query>
            <queryVisibleColumn>inventory_fact_ALL.inv_store.inv_store__region.inv_store__region__sales_country</queryVisibleColumn>
            <queryValueColumn>inventory_fact_ALL.inv_store.inv_store__region.inv_store__region__sales_country</queryValueColumn>
        </localResource>
    </inputControl>
    <resource>
        <localResource
            xmlns:xsi="http://www.w3.org/2001/XMLSchema-instance"
            exportedWithPermissions="false"
            dataFile="supermart_domain.properties.data" xsi:type="fileResource">
            <folder>/public/Samples/FreshDelivery_Demo/Units_Shipped_by_District___Fresh_Produce_Brands_files</folder>
            <name>supermart_domain.properties</name>
            <version>0</version>
            <label>bundle</label>
            <description>bundle</description>
            <creationDate>2018-05-03T16:56:12.149Z</creationDate>
            <updateDate>2015-06-15T23:13:50.232Z</updateDate>
            <fileType>prop</fileType>
        </localResource>
    </resource>
    <resource>
        <localResource
            xmlns:xsi="http://www.w3.org/2001/XMLSchema-instance"
            exportedWithPermissions="false"
            dataFile="supermart_domain_en_US.properties.data" xsi:type="fileResource">
            <folder>/public/Samples/FreshDelivery_Demo/Units_Shipped_by_District___Fresh_Produce_Brands_files</folder>
            <name>supermart_domain_en_US.properties</name>
            <version>0</version>
            <label>bundle</label>
            <description>bundle</description>
            <creationDate>2018-05-03T16:56:12.149Z</creationDate>
            <updateDate>2015-06-15T23:13:50.232Z</updateDate>
            <fileType>prop</fileType>
        </localResource>
    </resource>
    <resource>
        <localResource
            xmlns:xsi="http://www.w3.org/2001/XMLSchema-instance"
            exportedWithPermissions="false"
            dataFile="supermart_domain_es.properties.data" xsi:type="fileResource">
            <folder>/public/Samples/FreshDelivery_Demo/Units_Shipped_by_District___Fresh_Produce_Brands_files</folder>
            <name>supermart_domain_es.properties</name>
            <version>0</version>
            <label>bundle</label>
            <description>bundle</description>
            <creationDate>2018-05-03T16:56:12.149Z</creationDate>
            <updateDate>2015-06-15T23:13:50.232Z</updateDate>
            <fileType>prop</fileType>
        </localResource>
    </resource>
    <resource>
        <localResource
            xmlns:xsi="http://www.w3.org/2001/XMLSchema-instance"
            exportedWithPermissions="false"
            dataFile="supermart_domain_fr.properties.data" xsi:type="fileResource">
            <folder>/public/Samples/FreshDelivery_Demo/Units_Shipped_by_District___Fresh_Produce_Brands_files</folder>
            <name>supermart_domain_fr.properties</name>
            <version>0</version>
            <label>bundle</label>
            <description>bundle</description>
            <creationDate>2018-05-03T16:56:12.149Z</creationDate>
            <updateDate>2015-06-15T23:13:50.232Z</updateDate>
            <fileType>prop</fileType>
        </localResource>
    </resource>
    <resource>
        <localResource
            xmlns:xsi="http://www.w3.org/2001/XMLSchema-instance"
            exportedWithPermissions="false"
            dataFile="supermart_domain_ja.properties.data" xsi:type="fileResource">
            <folder>/public/Samples/FreshDelivery_Demo/Units_Shipped_by_District___Fresh_Produce_Brands_files</folder>
            <name>supermart_domain_ja.properties</name>
            <version>0</version>
            <label>bundle</label>
            <description>bundle</description>
            <creationDate>2018-05-03T16:56:12.149Z</creationDate>
            <updateDate>2015-06-15T23:13:50.232Z</updateDate>
            <fileType>prop</fileType>
        </localResource>
    </resource>
    <resource>
        <localResource
            xmlns:xsi="http://www.w3.org/2001/XMLSchema-instance"
            exportedWithPermissions="false"
            dataFile="supermart_domain_zh_CN.properties.data" xsi:type="fileResource">
            <folder>/public/Samples/FreshDelivery_Demo/Units_Shipped_by_District___Fresh_Produce_Brands_files</folder>
            <name>supermart_domain_zh_CN.properties</name>
            <version>0</version>
            <label>bundle</label>
            <description>bundle</description>
            <creationDate>2018-05-03T16:56:12.149Z</creationDate>
            <updateDate>2015-06-15T23:13:50.232Z</updateDate>
            <fileType>prop</fileType>
        </localResource>
    </resource>
    <resource>
        <localResource
            xmlns:xsi="http://www.w3.org/2001/XMLSchema-instance"
            exportedWithPermissions="false"
            dataFile="supermart_domain_de.properties.data" xsi:type="fileResource">
            <folder>/public/Samples/FreshDelivery_Demo/Units_Shipped_by_District___Fresh_Produce_Brands_files</folder>
            <name>supermart_domain_de.properties</name>
            <version>0</version>
            <label>bundle</label>
            <description>bundle</description>
            <creationDate>2018-05-03T16:56:12.149Z</creationDate>
            <updateDate>2015-06-15T23:13:50.232Z</updateDate>
            <fileType>prop</fileType>
        </localResource>
    </resource>
    <resource>
        <localResource
            xmlns:xsi="http://www.w3.org/2001/XMLSchema-instance"
            exportedWithPermissions="false" dataFile="topicJRXML.data" xsi:type="fileResource">
            <folder>/public/Samples/FreshDelivery_Demo/Units_Shipped_by_District___Fresh_Produce_Brands_files</folder>
            <name>topicJRXML</name>
            <version>0</version>
            <label>topicJRXML</label>
            <creationDate>2018-05-03T16:56:12.149Z</creationDate>
            <updateDate>2015-06-15T23:13:50.232Z</updateDate>
            <fileType>jrxml</fileType>
        </localResource>
    </resource>
    <resource>
        <localResource
            xmlns:xsi="http://www.w3.org/2001/XMLSchema-instance"
            exportedWithPermissions="false" dataFile="stateXML.data" xsi:type="fileResource">
            <folder>/public/Samples/FreshDelivery_Demo/Units_Shipped_by_District___Fresh_Produce_Brands_files</folder>
            <name>stateXML</name>
            <version>0</version>
            <label>stateXML</label>
            <creationDate>2018-05-03T16:56:12.149Z</creationDate>
            <updateDate>2015-06-15T23:13:50.232Z</updateDate>
            <fileType>xml</fileType>
        </localResource>
    </resource>
    <alwaysPromptControls>false</alwaysPromptControls>
    <controlsLayout>1</controlsLayout>
</adhocDataView>
