<?xml version="1.0" encoding="UTF-8"?>
<semanticLayerDataSource exportedWithPermissions="true"><folder>/organizations/organization_1/Domains</folder><name>supermartDomain</name><version>0</version><label>Supermart Domain</label><description>Comprehensive example of Domain (pre-joined table sets for complex reporting, custom query based dataset, column and row security, I18n bundles)</description><creationDate>2015-03-15T20:29:06.076-07:00</creationDate><updateDate>2014-12-18T02:01:24.068-08:00</updateDate><schema><localResource xmlns:xsi="http://www.w3.org/2001/XMLSchema-instance" exportedWithPermissions="false" dataFile="supermartDomain_schema.data" xsi:type="fileResource"><folder>/organizations/organization_1/Domains/supermartDomain_files</folder><name>supermartDomain_schema</name><version>0</version><label>supermartDomain_schema</label><description>supermartDomain_schema</description><creationDate>2015-03-15T20:29:06.076-07:00</creationDate><updateDate>2014-12-18T02:01:23.928-08:00</updateDate><fileType>xml</fileType></localResource></schema><securityFile><localResource xmlns:xsi="http://www.w3.org/2001/XMLSchema-instance" exportedWithPermissions="false" dataFile="supermartDomain_domain_security.data" xsi:type="fileResource"><folder>/organizations/organization_1/Domains/supermartDomain_files</folder><name>supermartDomain_domain_security</name><version>0</version><label>supermartDomain_domain_security</label><description>supermartDomain_domain_security</description><creationDate>2015-03-15T20:29:06.076-07:00</creationDate><updateDate>2014-12-18T02:01:23.928-08:00</updateDate><fileType>xml</fileType></localResource></securityFile><dataSource><alias>dsFoodMart</alias><dataSourceReference><uri>/organizations/organization_1/analysis/datasources/FoodmartDataSourceJNDI</uri></dataSourceReference></dataSource><bundle><localeStr></localeStr><bundle><localResource xmlns:xsi="http://www.w3.org/2001/XMLSchema-instance" exportedWithPermissions="false" dataFile="supermart_domain.properties.data" xsi:type="fileResource"><folder>/organizations/organization_1/Domains/supermartDomain_files</folder><name>supermart_domain.properties</name><version>0</version><label>supermart_domain.properties</label><creationDate>2015-03-15T20:29:06.076-07:00</creationDate><updateDate>2014-12-18T02:01:24.068-08:00</updateDate><fileType>prop</fileType></localResource></bundle></bundle><bundle><localeStr>en_US</localeStr><bundle><localResource xmlns:xsi="http://www.w3.org/2001/XMLSchema-instance" exportedWithPermissions="false" dataFile="supermart_domain_en_US.properties.data" xsi:type="fileResource"><folder>/organizations/organization_1/Domains/supermartDomain_files</folder><name>supermart_domain_en_US.properties</name><version>0</version><label>supermart_domain_en_US.properties</label><creationDate>2015-03-15T20:29:06.076-07:00</creationDate><updateDate>2014-12-18T02:01:24.068-08:00</updateDate><fileType>prop</fileType></localResource></bundle></bundle><bundle><localeStr>de</localeStr><bundle><localResource xmlns:xsi="http://www.w3.org/2001/XMLSchema-instance" exportedWithPermissions="false" dataFile="supermart_domain_de.properties.data" xsi:type="fileResource"><folder>/organizations/organization_1/Domains/supermartDomain_files</folder><name>supermart_domain_de.properties</name><version>0</version><label>supermart_domain_de.properties</label><creationDate>2015-03-15T20:29:06.076-07:00</creationDate><updateDate>2014-12-18T02:01:24.068-08:00</updateDate><fileType>prop</fileType></localResource></bundle></bundle><bundle><localeStr>fr</localeStr><bundle><localResource xmlns:xsi="http://www.w3.org/2001/XMLSchema-instance" exportedWithPermissions="false" dataFile="supermart_domain_fr.properties.data" xsi:type="fileResource"><folder>/organizations/organization_1/Domains/supermartDomain_files</folder><name>supermart_domain_fr.properties</name><version>0</version><label>supermart_domain_fr.properties</label><creationDate>2015-03-15T20:29:06.076-07:00</creationDate><updateDate>2014-12-18T02:01:24.068-08:00</updateDate><fileType>prop</fileType></localResource></bundle></bundle><bundle><localeStr>es</localeStr><bundle><localResource xmlns:xsi="http://www.w3.org/2001/XMLSchema-instance" exportedWithPermissions="false" dataFile="supermart_domain_es.properties.data" xsi:type="fileResource"><folder>/organizations/organization_1/Domains/supermartDomain_files</folder><name>supermart_domain_es.properties</name><version>0</version><label>supermart_domain_es.properties</label><creationDate>2015-03-15T20:29:06.076-07:00</creationDate><updateDate>2014-12-18T02:01:24.068-08:00</updateDate><fileType>prop</fileType></localResource></bundle></bundle><bundle><localeStr>ja</localeStr><bundle><localResource xmlns:xsi="http://www.w3.org/2001/XMLSchema-instance" exportedWithPermissions="false" dataFile="supermart_domain_ja.properties.data" xsi:type="fileResource"><folder>/organizations/organization_1/Domains/supermartDomain_files</folder><name>supermart_domain_ja.properties</name><version>0</version><label>supermart_domain_ja.properties</label><creationDate>2015-03-15T20:29:06.076-07:00</creationDate><updateDate>2014-12-18T02:01:24.068-08:00</updateDate><fileType>prop</fileType></localResource></bundle></bundle><bundle><localeStr>zh_CN</localeStr><bundle><localResource xmlns:xsi="http://www.w3.org/2001/XMLSchema-instance" exportedWithPermissions="false" dataFile="supermart_domain_zh_CN.properties.data" xsi:type="fileResource"><folder>/organizations/organization_1/Domains/supermartDomain_files</folder><name>supermart_domain_zh_CN.properties</name><version>0</version><label>supermart_domain_zh_CN.properties</label><creationDate>2015-03-15T20:29:06.076-07:00</creationDate><updateDate>2014-12-18T02:01:24.068-08:00</updateDate><fileType>prop</fileType></localResource></bundle></bundle></semanticLayerDataSource>