<?xml version="1.0" encoding="UTF-8"?>
<folder exportedWithPermissions="true">
    <parent>/public/Samples</parent>
    <name>FreshDelivery_Demo</name>
    <label>FreshDelivery Demo</label>
    <description>Demo reports utilizing the Foodmart data source.</description>
    <creationDate>2015-06-01T22:21:14.221-07:00</creationDate>
    <updateDate>2014-07-30T09:44:15.816-07:00</updateDate>
    <resource>21.5GoGreenChart</resource>
    <resource>21.6GoGreenTable</resource>
    <resource>21.7GoGreenMap</resource>
    <resource>22.0_Blank_Starting_Dashboard</resource>
    <resource>Admin_Inventory_Dashboard</resource>
    <resource>Brands</resource>
    <resource>Employee_Dashboard</resource>
    <resource>FreshDelivery_Internal_Report</resource>
    <resource>HealthyChoiceProducts</resource>
    <resource>New_Admin_Ad_Hoc_View</resource>
    <resource>Products</resource>
    <resource>Shipping_Optimizer___Total_Units_per_Pallet</resource>
    <resource>Shipping_Optimizer___Units_and_Price_per_Pallet</resource>
    <resource>Units_Ordered_by_District___Fresh_Produce_Brands2</resource>
    <resource>Units_Shipped_by_District___Fresh_Produce_Brands</resource>
</folder>
