<?xml version="1.0" encoding="UTF-8"?>
<reportUnit exportedWithPermissions="true">
    <folder>/public/Samples/FreshDelivery_Demo</folder>
    <name>21.5GoGreenChart</name>
    <version>5</version>
    <label>21.5 GoGreen Chart</label>
    <description>Go Green slave chart to Go Green map report.</description>
    <creationDate>2015-06-15T15:53:03.559-07:00</creationDate>
    <updateDate>2014-12-17T14:11:28.769-08:00</updateDate>
    <mainReport>
        <localResource
            xmlns:xsi="http://www.w3.org/2001/XMLSchema-instance"
            exportedWithPermissions="false" dataFile="MainJrxml.data" xsi:type="fileResource">
            <folder>/public/Samples/FreshDelivery_Demo/21.5GoGreenChart_files</folder>
            <name>MainJrxml</name>
            <version>1</version>
            <label>Main Jrxml</label>
            <description></description>
            <creationDate>2015-06-15T15:53:03.559-07:00</creationDate>
            <updateDate>2014-12-17T14:11:28.649-08:00</updateDate>
            <fileType>jrxml</fileType>
        </localResource>
    </mainReport>
    <dataSource>
        <uri>/public/Samples/Data_Sources/FoodmartDataSourceJNDI</uri>
    </dataSource>
    <inputControl>
        <localResource
            xmlns:xsi="http://www.w3.org/2001/XMLSchema-instance"
            exportedWithPermissions="false" xsi:type="inputControl">
            <folder>/public/Samples/FreshDelivery_Demo/21.5GoGreenChart_files</folder>
            <name>city_name</name>
            <version>1</version>
            <label>city_name</label>
            <description></description>
            <creationDate>2015-06-15T15:53:03.559-07:00</creationDate>
            <updateDate>2014-08-08T08:59:01.661-07:00</updateDate>
            <type>2</type>
            <mandatory>false</mandatory>
            <readOnly>false</readOnly>
            <visible>true</visible>
            <dataType>
                <localResource exportedWithPermissions="false" xsi:type="dataType">
                    <folder>/public/Samples/FreshDelivery_Demo/21.5GoGreenChart_files/city_name_files</folder>
                    <name>DataType</name>
                    <version>0</version>
                    <label>DataType</label>
                    <description></description>
                    <creationDate>2015-06-15T15:53:03.559-07:00</creationDate>
                    <updateDate>2014-08-08T08:59:01.661-07:00</updateDate>
                    <type>1</type>
                    <strictMin>false</strictMin>
                    <strictMax>false</strictMax>
                </localResource>
            </dataType>
        </localResource>
    </inputControl>
    <alwaysPromptControls>false</alwaysPromptControls>
    <controlsLayout>1</controlsLayout>
</reportUnit>
