<?xml version="1.0" encoding="UTF-8"?>
<reportUnit exportedWithPermissions="true">
    <folder>/public/Samples/FreshDelivery_Demo</folder>
    <name>Brands</name>
    <version>5</version>
    <label>21.1 Brands</label>
    <description>Brand Master Report</description>
    <creationDate>2015-06-15T15:53:08.859-07:00</creationDate>
    <updateDate>2014-12-17T11:13:54.832-08:00</updateDate>
    <mainReport>
        <localResource
            xmlns:xsi="http://www.w3.org/2001/XMLSchema-instance"
            exportedWithPermissions="false" dataFile="main_jrxml.data" xsi:type="fileResource">
            <folder>/public/Samples/FreshDelivery_Demo/Brands_files</folder>
            <name>main_jrxml</name>
            <version>1</version>
            <label>main_jrxml</label>
            <creationDate>2015-06-15T15:53:08.859-07:00</creationDate>
            <updateDate>2014-12-17T11:13:54.673-08:00</updateDate>
            <fileType>jrxml</fileType>
        </localResource>
    </mainReport>
    <dataSource>
        <uri>/public/Samples/Data_Sources/FoodmartDataSourceJNDI</uri>
    </dataSource>
    <alwaysPromptControls>true</alwaysPromptControls>
    <controlsLayout>1</controlsLayout>
</reportUnit>
