<?xml version="1.0" encoding="UTF-8"?>
<broken_dependencies><resource>/public/Samples/FreshDelivery_Demo/21.5GoGreenChart</resource><resource>/public/Samples/FreshDelivery_Demo/21.6GoGreenTable</resource><resource>/public/Samples/FreshDelivery_Demo/21.7GoGreenMap</resource><resource>/public/Samples/FreshDelivery_Demo/21.7a_GoGreen_Tibco_Map</resource><resource>/public/Samples/FreshDelivery_Demo/Ad_Hoc_View</resource><resource>/public/Samples/FreshDelivery_Demo/Admin_Inventory_Dashboard</resource><resource>/public/Samples/FreshDelivery_Demo/Brands</resource><resource>/public/Samples/FreshDelivery_Demo/Employee_Dashboard</resource><resource>/public/Samples/FreshDelivery_Demo/FreshDelivery_Internal_Report</resource><resource>/public/Samples/FreshDelivery_Demo/HealthyChoiceProducts</resource><resource>/public/Samples/FreshDelivery_Demo/New_Admin_Ad_Hoc_View</resource><resource>/public/Samples/FreshDelivery_Demo/Products</resource><resource>/public/Samples/FreshDelivery_Demo/Shipping_Optimizer___Total_Units_per_Pallet</resource><resource>/public/Samples/FreshDelivery_Demo/Shipping_Optimizer___Units_and_Price_per_Pallet</resource><resource>/public/Samples/FreshDelivery_Demo/Units_Ordered_by_District___Fresh_Produce_Brands2</resource><resource>/public/Samples/FreshDelivery_Demo/Units_Shipped_by_District___Fresh_Produce_Brands</resource><resource>/public/Samples/FreshDelivery_Demo/brand_name</resource></broken_dependencies>