<?xml version="1.0" encoding="UTF-8"?>
<reportUnit exportedWithPermissions="false">
    <folder>/public/Samples/FreshDelivery_Demo</folder>
    <name>FreshDelivery_Internal_Report</name>
    <version>7</version>
    <label>21.9 Internal Authentication Report</label>
    <description>Authentication sample report for FreshDelivery demo. joeuser: limited to california only, joeadmin: all stores</description>
    <creationDate>2016-05-03T16:38:04.495+01:00</creationDate>
    <updateDate>2016-01-25T13:51:36.021Z</updateDate>
    <mainReport>
        <localResource
            xmlns:xsi="http://www.w3.org/2001/XMLSchema-instance"
            exportedWithPermissions="false" dataFile="MainJrxml.data" xsi:type="fileResource">
            <folder>/public/Samples/FreshDelivery_Demo/FreshDelivery_Internal_Report_files</folder>
            <name>MainJrxml</name>
            <version>1</version>
            <label>Main Jrxml</label>
            <description></description>
            <creationDate>2016-05-03T16:38:04.495+01:00</creationDate>
            <updateDate>2016-01-25T13:49:54.476Z</updateDate>
            <fileType>jrxml</fileType>
        </localResource>
    </mainReport>
    <dataSource>
        <uri>/public/Samples/Data_Sources/FoodmartDataSourceJNDI</uri>
    </dataSource>
    <inputControl>
        <localResource
            xmlns:xsi="http://www.w3.org/2001/XMLSchema-instance"
            exportedWithPermissions="false" xsi:type="inputControl">
            <folder>/public/Samples/FreshDelivery_Demo/FreshDelivery_Internal_Report_files</folder>
            <name>parWhere</name>
            <version>0</version>
            <label>parWhere</label>
            <creationDate>2016-05-03T16:38:04.495+01:00</creationDate>
            <updateDate>2016-01-25T13:49:54.638Z</updateDate>
            <type>2</type>
            <mandatory>false</mandatory>
            <readOnly>false</readOnly>
            <visible>true</visible>
            <dataType>
                <localResource exportedWithPermissions="false" xsi:type="dataType">
                    <folder>/public/Samples/FreshDelivery_Demo/FreshDelivery_Internal_Report_files/parWhere_files</folder>
                    <name>myDatatype</name>
                    <version>0</version>
                    <label>myDatatype</label>
                    <creationDate>2016-05-03T16:38:04.495+01:00</creationDate>
                    <updateDate>2016-01-25T13:49:54.638Z</updateDate>
                    <type>1</type>
                    <strictMin>false</strictMin>
                    <strictMax>false</strictMax>
                </localResource>
            </dataType>
        </localResource>
    </inputControl>
    <alwaysPromptControls>false</alwaysPromptControls>
    <controlsLayout>1</controlsLayout>
</reportUnit>
