<?xml version="1.0" encoding="UTF-8"?>
<reportUnit exportedWithPermissions="false">
    <folder>/public/Samples/FreshDelivery_Demo</folder>
    <name>HealthyChoiceProducts</name>
    <version>1</version>
    <label>21.4 HealthyChoice Products</label>
    <description>Bubble Chart for HealthyChoice products.</description>
    <creationDate>2016-09-08T09:45:41.928+01:00</creationDate>
    <updateDate>2014-12-17T19:37:32.992Z</updateDate>
    <mainReport>
        <localResource
            xmlns:xsi="http://www.w3.org/2001/XMLSchema-instance"
            exportedWithPermissions="false" dataFile="MainJrxml.data" xsi:type="fileResource">
            <folder>/public/Samples/FreshDelivery_Demo/HealthyChoiceProducts_files</folder>
            <name>MainJrxml</name>
            <version>1</version>
            <label>Main Jrxml</label>
            <description></description>
            <creationDate>2016-09-08T09:45:41.928+01:00</creationDate>
            <updateDate>2014-12-17T19:37:32.842Z</updateDate>
            <fileType>jrxml</fileType>
        </localResource>
    </mainReport>
    <dataSource>
        <uri>/public/Samples/Data_Sources/FoodmartDataSourceJNDI</uri>
    </dataSource>
    <inputControl>
        <uri>/public/Samples/Resources/Input_Controls/SupplyTime</uri>
    </inputControl>
    <inputControlRenderingView></inputControlRenderingView>
    <alwaysPromptControls>true</alwaysPromptControls>
    <controlsLayout>1</controlsLayout>
</reportUnit>
