<?xml version="1.0" encoding="UTF-8"?>
<jndiJdbcDataSource exportedWithPermissions="true">
    <folder>/organizations/organization_1/analysis/datasources</folder>
    <name>FoodmartDataSourceJNDI</name>
    <version>0</version>
    <label>Foodmart Data Source JNDI</label>
    <description>Foodmart Data Source JNDI</description>
    <creationDate>2015-06-01T18:06:19.742-07:00</creationDate>
    <updateDate>2015-05-27T15:05:10.806-07:00</updateDate>
    <jndiName>jdbc/foodmart</jndiName>
</jndiJdbcDataSource>
