<?xml version="1.0" encoding="UTF-8"?>
<jndiJdbcDataSource exportedWithPermissions="false">
    <folder>/organizations/organization_1/analysis/datasources</folder>
    <name>FoodmartDataSourceJNDI</name>
    <version>1</version>
    <label>Foodmart Data Source JNDI</label>
    <description>Foodmart Data Source JNDI</description>
    <creationDate>2016-05-03T16:25:44.531+01:00</creationDate>
    <updateDate>2015-05-27T23:05:10.806+01:00</updateDate>
    <jndiName>jdbc/foodmart</jndiName>
</jndiJdbcDataSource>
