<?xml version="1.0" encoding="UTF-8"?>
<reportUnit exportedWithPermissions="true"><folder>/public/Samples/FreshDelivery_Demo</folder><name>21.6GoGreenTable</name><version>14</version><label>21.6 GoGreen Table</label><description>Go Green slave product table to Go Green chart.</description><creationDate>2014-12-22T13:54:30.091-08:00</creationDate><updateDate>2014-08-08T09:06:22.303-07:00</updateDate><mainReport><localResource xmlns:xsi="http://www.w3.org/2001/XMLSchema-instance" exportedWithPermissions="false" dataFile="MainJrxml.data" xsi:type="fileResource"><folder>/public/Samples/FreshDelivery_Demo/21.6GoGreenTable_files</folder><name>MainJrxml</name><version>1</version><label>Main Jrxml</label><description></description><creationDate>2014-12-22T13:54:30.091-08:00</creationDate><updateDate>2014-08-08T08:59:31.599-07:00</updateDate><fileType>jrxml</fileType></localResource></mainReport><dataSource><uri>/public/Samples/Data_Sources/FoodmartDataSourceJNDI</uri></dataSource><inputControl><localResource xmlns:xsi="http://www.w3.org/2001/XMLSchema-instance" exportedWithPermissions="false" xsi:type="inputControl"><folder>/public/Samples/FreshDelivery_Demo/21.6GoGreenTable_files</folder><name>department</name><version>1</version><label>department</label><description></description><creationDate>2014-12-22T13:54:30.091-08:00</creationDate><updateDate>2014-08-08T08:59:31.599-07:00</updateDate><type>2</type><mandatory>false</mandatory><readOnly>false</readOnly><visible>true</visible><dataType><localResource exportedWithPermissions="false" xsi:type="dataType"><folder>/public/Samples/FreshDelivery_Demo/21.6GoGreenTable_files/department_files</folder><name>DataType</name><version>0</version><label>DataType</label><description></description><creationDate>2014-12-22T13:54:30.091-08:00</creationDate><updateDate>2014-08-08T08:59:31.599-07:00</updateDate><type>1</type><strictMin>false</strictMin><strictMax>false</strictMax></localResource></dataType></localResource></inputControl><alwaysPromptControls>false</alwaysPromptControls><controlsLayout>1</controlsLayout></reportUnit>