<?xml version="1.0" encoding="UTF-8"?>
<reportUnit exportedWithPermissions="true"><folder>/public/Samples/FreshDelivery_Demo</folder><name>FreshDelivery_Internal_Report</name><version>2</version><label>21.9 Internal Authentication Report</label><description>Authentication sample report for FreshDelivery demo.</description><creationDate>2014-12-22T14:24:43.753-08:00</creationDate><updateDate>2014-12-22T14:56:03.839-08:00</updateDate><mainReport><localResource xmlns:xsi="http://www.w3.org/2001/XMLSchema-instance" exportedWithPermissions="false" dataFile="MainJrxml.data" xsi:type="fileResource"><folder>/public/Samples/FreshDelivery_Demo/FreshDelivery_Internal_Report_files</folder><name>MainJrxml</name><version>2</version><label>Main Jrxml</label><description></description><creationDate>2014-12-22T14:24:43.753-08:00</creationDate><updateDate>2014-12-22T14:30:09.650-08:00</updateDate><fileType>jrxml</fileType></localResource></mainReport><dataSource><uri>/public/Samples/Data_Sources/FoodmartDataSourceJNDI</uri></dataSource><alwaysPromptControls>false</alwaysPromptControls><controlsLayout>1</controlsLayout></reportUnit>