<?xml version="1.0" encoding="UTF-8"?>
<reportUnit exportedWithPermissions="true"><folder>/public/Samples/FreshDelivery_Demo</folder><name>Products</name><version>43</version><label>21.2 Products</label><description>Slave products report to master brand report.</description><creationDate>2014-12-22T13:54:34.237-08:00</creationDate><updateDate>2014-12-17T11:17:16.275-08:00</updateDate><mainReport><localResource xmlns:xsi="http://www.w3.org/2001/XMLSchema-instance" exportedWithPermissions="false" dataFile="main_jrxml.data" xsi:type="fileResource"><folder>/public/Samples/FreshDelivery_Demo/Products_files</folder><name>main_jrxml</name><version>1</version><label>main_jrxml</label><creationDate>2014-12-22T13:54:34.237-08:00</creationDate><updateDate>2014-12-17T11:17:16.132-08:00</updateDate><fileType>jrxml</fileType></localResource></mainReport><dataSource><uri>/public/Samples/Data_Sources/FoodmartDataSourceJNDI</uri></dataSource><inputControl><localResource xmlns:xsi="http://www.w3.org/2001/XMLSchema-instance" exportedWithPermissions="false" xsi:type="inputControl"><folder>/public/Samples/FreshDelivery_Demo/Products_files</folder><name>Limiter</name><version>1</version><label>Limiter</label><description></description><creationDate>2014-12-22T13:54:34.237-08:00</creationDate><updateDate>2014-10-03T13:31:18.732-07:00</updateDate><type>2</type><mandatory>false</mandatory><readOnly>false</readOnly><visible>true</visible><dataType><localResource exportedWithPermissions="false" xsi:type="dataType"><folder>/public/Samples/FreshDelivery_Demo/Products_files/Limiter_files</folder><name>DataType</name><version>0</version><label>DataType</label><description></description><creationDate>2014-12-22T13:54:34.237-08:00</creationDate><updateDate>2014-10-03T13:31:18.732-07:00</updateDate><type>1</type><regularExpr></regularExpr><strictMin>false</strictMin><strictMax>false</strictMax></localResource></dataType></localResource></inputControl><inputControl><localResource xmlns:xsi="http://www.w3.org/2001/XMLSchema-instance" exportedWithPermissions="false" xsi:type="inputControl"><folder>/public/Samples/FreshDelivery_Demo/Products_files</folder><name>brand</name><version>1</version><label>brand</label><creationDate>2014-12-22T13:54:34.237-08:00</creationDate><updateDate>2014-10-03T13:31:18.732-07:00</updateDate><type>2</type><mandatory>false</mandatory><readOnly>false</readOnly><visible>true</visible><dataType><localResource exportedWithPermissions="false" xsi:type="dataType"><folder>/public/Samples/FreshDelivery_Demo/Products_files/brand_files</folder><name>myDatatype</name><version>0</version><label>myDatatype</label><creationDate>2014-12-22T13:54:34.237-08:00</creationDate><updateDate>2014-10-03T13:31:18.732-07:00</updateDate><type>1</type><strictMin>false</strictMin><strictMax>false</strictMax></localResource></dataType></localResource></inputControl><alwaysPromptControls>true</alwaysPromptControls><controlsLayout>1</controlsLayout></reportUnit>