<?xml version="1.0" encoding="UTF-8"?>
<folder exportedWithPermissions="true"><parent>/</parent><name>organizations</name><label>Organizations</label><description>Organizations</description><creationDate>2015-03-15T20:29:01.578-07:00</creationDate><updateDate>2014-12-18T02:01:10.219-08:00</updateDate><permission><permissionMask>2</permissionMask><recipient recipientType="role">ROLE_USER</recipient></permission><permission><permissionMask>1</permissionMask><recipient recipientType="role">ROLE_ADMINISTRATOR</recipient></permission></folder>