<?xml version="1.0" encoding="UTF-8"?>
<export><property name="pathProcessorId" value="zip"/><property name="rootTenantId" value="organizations"/><property name="jsVersion" value="6.3.0 PRO"/><module id="repositoryResources"><resource>/public/Samples/Domains/supermartDomain</resource><resource>/public/Samples/FreshDelivery_Demo/Admin_Inventory_Dashboard</resource><resource>/public/Samples/FreshDelivery_Demo/Brands</resource><resource>/public/adhoc/Units_Ordered_by_District___Fresh_Produce_Brands2</resource><resource>/public/adhoc/Units_Shipped_by_District___Fresh_Produce_Brands</resource><resource>/public/Samples/Data_Sources/FoodmartDataSourceJNDI</resource><resource>/public/Samples/FreshDelivery_Demo/FreshDelivery_Internal_Report</resource><resource>/public/Samples/FreshDelivery_Demo/21.5GoGreenChart</resource><resource>/public/Samples/FreshDelivery_Demo/Shipping_Optimizer___Total_Units_per_Pallet</resource><resource>/organizations/organization_1/Domains/supermartDomain</resource><resource>/public/Samples/FreshDelivery_Demo/21.7GoGreenMap</resource><resource>/public/Samples/FreshDelivery_Demo/Shipping_Optimizer___Units_and_Price_per_Pallet</resource><resource>/public/Samples/FreshDelivery_Demo/22.0_Blank_Starting_Dashboard</resource><resource>/public/Samples/Resources/Input_Controls/SupplyTimeList</resource><resource>/organizations/organization_1/analysis/datasources/FoodmartDataSourceJNDI</resource><resource>/public/Samples/FreshDelivery_Demo/HealthyChoiceProducts</resource><folder>/organizations/organization_1/themes/AcmeTheme</folder><resource>/public/Samples/FreshDelivery_Demo/New_Admin_Ad_Hoc_View</resource><resource>/public/Samples/Resources/Input_Controls/SupplyTime</resource><resource>/public/Samples/FreshDelivery_Demo/Units_Shipped_by_District___Fresh_Produce_Brands</resource><resource>/public/Samples/FreshDelivery_Demo/Units_Ordered_by_District___Fresh_Produce_Brands2</resource><resource>/public/Samples/FreshDelivery_Demo/Employee_Dashboard</resource><resource>/public/Samples/FreshDelivery_Demo/Products</resource><resource>/public/Samples/FreshDelivery_Demo/21.6GoGreenTable</resource></module></export>