<?xml version="1.0" encoding="UTF-8"?>
<folder exportedWithPermissions="false"><parent>/public/Samples</parent><name>FreshDelivery_Demo</name><label>FreshDelivery Demo</label><description>Demo reports utilizing the Foodmart data source.</description><creationDate>2014-07-31T12:11:27.517-05:00</creationDate><updateDate>2014-07-30T11:44:15.816-05:00</updateDate><resource>21.5GoGreenChart</resource><resource>21.6GoGreenTable</resource><resource>21.7GoGreenMap</resource><resource>Brands</resource><resource>HealthyChoiceProducts</resource><resource>Internal1</resource><resource>Products</resource></folder>