<?xml version="1.0" encoding="UTF-8"?>
<listOfValues exportedWithPermissions="false">
    <folder>/public/Samples/Resources/Input_Controls</folder>
    <name>SupplyTimeList</name>
    <version>0</version>
    <label>Supply Time List</label>
    <description></description>
    <creationDate>2016-05-03T16:25:45.535+01:00</creationDate>
    <updateDate>2014-09-22T19:46:12.251+01:00</updateDate>
    <item>
        <itemLabel>1</itemLabel>
        <itemValue xmlns:xsi="http://www.w3.org/2001/XMLSchema-instance"
            xmlns:java="http://java.sun.com" xsi:type="java:java.lang.String">1</itemValue>
    </item>
    <item>
        <itemLabel>2</itemLabel>
        <itemValue xmlns:xsi="http://www.w3.org/2001/XMLSchema-instance"
            xmlns:java="http://java.sun.com" xsi:type="java:java.lang.String">2</itemValue>
    </item>
    <item>
        <itemLabel>3</itemLabel>
        <itemValue xmlns:xsi="http://www.w3.org/2001/XMLSchema-instance"
            xmlns:java="http://java.sun.com" xsi:type="java:java.lang.String">3</itemValue>
    </item>
    <item>
        <itemLabel>4</itemLabel>
        <itemValue xmlns:xsi="http://www.w3.org/2001/XMLSchema-instance"
            xmlns:java="http://java.sun.com" xsi:type="java:java.lang.String">4</itemValue>
    </item>
</listOfValues>
